GBR_ID,GBR_NAME,X_COORD,Y_COORD
10331,Harrington Shoal,142.71060181,-10.79659367
10334,Four Fathom Patches,142.68708801,-10.81985474
10335,Harrington Reef,142.72311401,-10.82125187
10336,Wyborn Reef,142.76223755,-10.82104492
10338,Womer Reef,142.98362732,-10.79982185
10339,Brewis Reef,142.69335938,-10.88696003
10340,Turtle Island Reef,142.69628906,-10.88979912
10341,Shortland Reef,142.77270508,-10.90133476
10342,Trochus Reef,142.63183594,-10.92067909
10314,Ida Reef,142.55873108,-10.71000767
10316,Tree Reef,142.5970459,-10.70428848
10317,Brush Islet Reef,142.59786987,-10.70888901
10318A,Albany Island Reef (No 1),142.5929718,-10.71530914
10318B,Albany Island Reef (No 2),142.61784363,-10.72830391
10318C,Albany Island Reef (No 3),142.62330627,-10.7466259
10318D,Albany Island Reef (No 4),142.60494995,-10.73894119
10320,Mai Reef,142.62464905,-10.72395611
10321,Albany Rock Reef,142.62982178,-10.71882725
10322,North Brother Reef,142.673172,-10.70076275
10323,Middle Brother Reef,142.68544006,-10.71178818
10324,South Brother Reef,142.6918335,-10.71665955
10325,North Ledge,142.73832703,-10.68028641
10326,Meggi-Damun Reef,142.78610229,-10.68252754
10327,South Ledge,142.73246765,-10.70542622
10328,Ulfa Reef,142.6144104,-10.75758648
10329,Ariel Bank,142.62519836,-10.77074623
10343A,Turtle Head Island Reef (No 1),142.70593262,-10.93688488
10343B,Turtle Head Island Reef (No 2),142.7061615,-10.94753647
10344,Tern Reef,142.76638794,-10.99002266
10365,Linda Reef,143.17781067,-10.90662861
10391,Triangle Reef,143.98234558,-10.75539112
11001,Arnold Reef,142.99273682,-11.00683498
11002,Thomson Islet Reef,142.75546265,-11.02495193
11004,Gilmore Bank,142.83700562,-11.15866852
11009,Bushy Island Reef,142.87251282,-11.2572403
11010,Cairncross Islets Reef,142.92893982,-11.24986839
11013,Halfway Islet Reef,142.96537781,-11.3848238
11014,Pearn Reef,142.93530273,-11.43494606
11016,McSweeney Reef,143.24269104,-11.02305126
11026,Sinclair Reef,143.02845764,-11.11662197
11029,Monsoon Reef,143.25291443,-11.12877846
11048B,Turning Point Patches (No 2),143.54580688,-11.36818123
11052,Cholmondeley Reef,143.07014465,-11.38962555
11053,Jardine Reef,143.03533936,-11.38516045
11055,Wallace Islet Reef,143.04203796,-11.45389843
11035,Milman-Aplin Reef,143.03083801,-11.18211842
11036,Parsons Reef,143.1975708,-11.18444061
11037,Collette Reef,143.31806946,-11.21540451
11038,Douglas Islet Reef,143.00071716,-11.2432394
11043,Onslow Reef,143.28129578,-11.29741383
11044,Wilds Shoal,143.36935425,-11.27690411
11048A,Turning Point Patches (No 1),143.40556335,-11.32917881
11057,Cochin Reef,143.43885803,-11.4305315
11058,Parkinson Reef,143.12471008,-11.46813583
11059,Monkman Reef,143.15672302,-11.4719553
11061,Little Boydong Reef,143.04064941,-11.48878002
11062,Boydong Island Reef,143.02876282,-11.4979887
11070A,Maclennan Reef (No 1),143.79820251,-11.31483746
11070B,Maclennan Reef (No 2),143.67514038,-11.25258923
11070C,Maclennan Reef (No 3),143.81921387,-11.25566387
11103,Indefatigable Reef,143.6365509,-11.47353363
11098,Risk Reef,143.76768494,-11.42281246
11100,Shadwell Reef,143.7689209,-11.45784378
11125,Stark Reef,144.06565857,-11.26131248
11130,Moulter Reef,144.03823853,-11.42467117
11131,Saunders Reef,144.06993103,-11.49401855
11132,Hunter Reefs,142.8727417,-11.51218605
11134,Pirie Reef,142.89834595,-11.59038353
11136,Hannibal Islands Reef,142.93969727,-11.59758282
11138,MacArthur Islands Reef,142.98638916,-11.73176193
11146,Nigger Head Reef,142.9365387,-11.79674053
11156,Wizard Reef,143.0166626,-11.55002689
11169,Bird Islands Reef (South),143.08561707,-11.78908348
11170,Chimmo Shoal,143.24612427,-11.80407715
11171,Guthray Reef,143.26498413,-11.80193138
11173,Cockburn Reef,143.36331177,-11.82064915
11174,Magra Reef,143.28555298,-11.86389256
11176,Rodney Reef,143.10734558,-11.89486122
11178,Cockburn Patch,143.33795166,-11.91106606
11179,Erlangen Patch,143.35099792,-11.91815186
11180,Paluma Shoal,143.3105011,-11.920434
11161,Viking Reef,143.01045227,-11.59418392
11165,Thrush Reef,143.19277954,-11.7113266
11166,Forwood Reef,143.2484436,-11.73574638
11167,Bird Islands Reef (North),143.08876038,-11.77057457
11168,Fairway Reef,143.24330139,-11.75084782
11223,Three Reefs,143.89483643,-11.76935005
11228,Wood Reef,143.96910095,-11.80197906
11181,Sunday Reef,143.20753479,-11.92708302
11182,Bremner Shoal,143.21601868,-11.94352055
11183,Outer Reef,143.24200439,-11.94246387
11184A,Queue Reef,143.37141418,-11.93292141
11184B,Wreck Reef,143.41717529,-11.94813156
11184C,Sir Charles Hardy Islands Reef,143.4964447,-11.91147614
11185,Nob Reef,143.26882935,-11.95176506
11187,Harvey Reef,143.26773071,-11.96995258
11188,Clerke Reef,143.28601074,-11.96976376
11189,Perry Reef,143.25473022,-11.97135067
11190A,Cape Grenville Reef (No 1),143.23403931,-11.95914268
11190B,Cape Grenville Reef (No 2),143.24432373,-11.97168732
11190C,Cape Grenville Reef (No 3),143.21980286,-11.98335934
11191,Hicks Reef,143.27005005,-11.98371029
11192,Middle Reef,143.25653076,-11.98383236
11193A,Twin Reefs (North),143.26808167,-11.99476337
11193B,Twin Reefs (South),143.26725769,-11.99822807
11194,Gore Reef,143.24754333,-11.99023438
11195,South Reef,143.24118042,-11.99827003
11200,Siddons Reef,143.64221191,-11.51258564
11211,Pearson Reef,143.71586609,-11.56678677
11212,Jukes Reef,143.85531616,-11.59234333
11214,Bowles Reef,143.68450928,-11.62327385
11222B,Salamander Reef,143.50505066,-11.76433372
11243,Raine Reef,144.0443573,-11.59504986
11244A,Great Detached Reef (No 1),144.01834106,-11.68136787
11244B,Great Detached Reef (No 2),144.07032776,-11.77790546
11244C,Great Detached Reef (No 3),143.99763489,-11.78417778
11244D,Great Detached Reef (No 4),143.97297668,-11.70529938
11246,Passage Reef,143.24736023,-11.96459198
11229A,Devlin Reef,143.85604858,-11.82583523
11232,Five Reefs,143.83822632,-11.87015057
11237A,Ashmore Banks (No 1),143.62936401,-11.88521671
11237B,Ashmore Banks (No 2),143.70982361,-11.88003635
11237C,Ashmore Banks (No 3),143.68823242,-11.92658424
11239,Star Reef,143.86808777,-11.95340919
11240,Yule Detached Reef,143.98838806,-11.94892406
11241,Job Reef,143.8841095,-11.97967243
12007,Nomad Reef,143.37467957,-12.14226151
12008,Tyrrel Reefs,143.10850525,-12.19167805
12009,Pickard Reef,143.13264465,-12.23193836
12010,Kay Reef,143.28630066,-12.23149204
12011,Beesley-Baird Reef,143.20640564,-12.24257278
11244F,Great Detached Reef (No 6),144.01324463,-11.76182079
11244G,Great Detached Reef (No 7),144.02200317,-11.77238941
11244H,Great Detached Reef (No 8),144.02709961,-11.7682209
12001,Haggerston Reef,143.30062866,-12.02940845
12002,Bannan Reef,143.2943573,-12.0694294
12003A,Mason Reef,143.47735596,-12.10138035
12004,Moody Reef,143.26463318,-12.09915161
12005,Young Reef,143.21852112,-12.12665844
12006,Laurel Reef,143.27642822,-12.13950443
12027C,Fison Reefs,143.54585266,-12.37409687
12037,Wishbone Reef,143.96459961,-12.065135
12043A,Martha Ridgway Reef (North),143.8079834,-12.12002373
12043B,Martha Ridgway Reef (South),143.81086731,-12.14468956
12012,Piper Reef,143.23829651,-12.25040245
12013,Inset Reef,143.27497864,-12.24727631
12014,Hazel Reef,143.29975891,-12.27168751
12015,Ada Reef,143.12567139,-12.28651428
12016A,Gallon Reef,143.43336487,-12.31373787
12016B,Forbes Islands Reef,143.40895081,-12.29255772
12017,Lion Reef,143.18287659,-12.30539131
12018,Daniell Reef,143.19723511,-12.3118763
12019,North Pint Patch,143.34402466,-12.33054447
12020,South Pint Patch,143.35838318,-12.35092163
12021,Andrew Reef,143.24212646,-12.35507584
12023,Kangaroo Shoals,143.27355957,-12.38898468
12026,Kemp Rocks Reef,143.36100769,-12.43950653
12027,Quoin Reef,143.49861145,-12.4230938
12027A,Eel Reef,143.47608948,-12.473526
12096,Dolphin Reef,143.52960205,-12.55867386
12098,Second Small Reef,143.79449463,-12.58212376
12099,Southern Small Detached Reef,143.86631775,-12.58349609
12052A,William Reef (East),143.85296631,-12.22222042
12052B,William Reef (West),143.84992981,-12.22099686
12053,Henry Reef,143.81919861,-12.22263622
12054,Lloyds Reef,143.8742218,-12.24046326
12056,Mantis Reef,143.89825439,-12.28798294
12058,Ferguson Reef,143.82704163,-12.34038258
12061,Lagoon Reef,143.75706482,-12.38443565
12067,Northern Small Detached Reef,143.84637451,-12.41513443
12072,Middle Reef,143.39012146,-12.51870823
12073,Pigeon Reef,143.29045105,-12.5129776
12076,Rocky Island Reef,143.39006042,-12.58631897
12078,Restoration Island Reef,143.44673157,-12.62329578
12081,Edward Shoal,143.4499054,-12.65841198
12084,Lloyd Island Reef,143.39788818,-12.75452995
12085,Hazelgrove Reefs,143.48176575,-12.75479412
12086,May Reef,143.46621704,-12.77821445
12088,Sunter Reef,143.4127655,-12.77997589
12089,Exit Reef,143.48699951,-12.78309822
12091,Waight Bank,143.44172668,-12.81111717
12093,Bunker Reef,143.60488892,-12.52017689
12094,Long Sandy Reef,143.79371643,-12.53452587
12122,Sunk Reef,143.64582825,-12.84803772
12125,Rocky Island Reef,143.55001831,-12.88636208
12126,Frederick Patches,143.62652588,-12.87858677
12129,Chapman Reef,143.60002136,-12.88673019
12132,Allen Reef,143.5383606,-12.92708874
12136,Hammond Reef,143.54750061,-12.94077492
12102,Curd Reef,143.54925537,-12.58115005
12104,Log Reef (North),143.83570862,-12.63453674
12105,Burke Reef,143.56344604,-12.63278866
12106,Tannadice Shoal,143.52445984,-12.66204357
12107,Log Reef (South),143.84440613,-12.68454933
12111,First Small Reef,143.8079071,-12.72177219
12112,Ape Reef,143.61979675,-12.69607735
12115,Zenith Reef,143.61302185,-12.76817226
12118,Bligh Reef,143.83557129,-12.83273792
12119,Wye Reef,143.61532593,-12.81010723
12120,Lansdown Reef,143.54605103,-12.81497765
13036,Throne Shoals,143.73945618,-13.23858547
13041,Celebration Reef,143.69355774,-13.27611446
12143,Cat Reef,143.84963989,-12.9975729
12145,Sherrard Reef,143.61448669,-12.98971653
13002,Derry Reef,143.85891724,-13.02247143
13004,Wasp Reef,143.53987122,-13.0296793
13005,Ham Reef,143.87171936,-13.03850269
13006,Osborne Reef,143.62623596,-13.04178429
13008,MacNamara Patch,143.64311218,-13.05144787
13009,Wilsen Shoal,143.86651611,-13.05327892
13012,Stork Reef,143.55630493,-13.06491184
13015,Franklin Reef,143.8979187,-13.0757618
13020,Sykes Reef,143.55810547,-13.10892296
13021,Colclough Reef,143.72366333,-13.10724926
13022,New Reef,143.65786743,-13.11120987
13023,Dart Shoal,143.74864197,-13.13865376
13024,Glennie Reef,143.64208984,-13.15210152
13025,Waterwitch Reef,143.61578369,-13.15098572
13026,Gertrude Reef,143.6608429,-13.16221333
13027,Jubilee Reef,143.76197815,-13.16965389
13028,Tijou Reef,143.95910645,-13.15960598
13031,Night Reef,143.57391357,-13.18373013
13032,Diamond Reign Reefs,143.6945343,-13.20453548
13034,Binstead Reef,143.57070923,-13.21789646
17014,Hedley Reef,146.48373413,-17.22857094
17015,Jackson Patches,146.30291748,-17.27947807
18016,Virginia Chadwick Reef,146.83854675,-18.00399208
18017,Reg Ward Reef,146.7850647,-18.03201485
18018,Otter Reef,146.55886841,-18.05222702
16020A,Undine Reef (West),145.68716431,-16.12334633
16020B,Undine Reef (East),145.77542114,-16.11724091
16023,Rudder Reef,145.69342041,-16.19220161
16024,Chinaman Reef,145.79154968,-16.21309662
16071,Moore Reef,146.21296692,-16.87431526
16072,North West Reef,146.38887024,-16.87688828
16073,Elford Reef,146.24856567,-16.9116478
16074,Briggs Reef,146.20672607,-16.93803215
16075,Channel Reef,146.44483948,-16.94465446
17016A,McCulloch Reef (No 1),146.44169617,-17.28788376
17016B,McCulloch Reef (No 2),146.46572876,-17.27497292
17017,Gibson Reef,146.35955811,-17.30199242
17018A,Howie Reef,146.38508606,-17.39389038
18019,Barnett Patches,146.85308838,-18.06010437
18020,Duncan Reef,146.78665161,-18.08373451
16025,Opal Reef,145.8896637,-16.22089005
16026,Tongue Reef,145.79255676,-16.3209343
16028,Low Islands Reef,145.56443787,-16.38615227
16079,Outer Shoal,146.51507568,-16.99359322
16080,Korea Reef,145.55314636,-16.55483627
16081,Yule Reef,145.53016663,-16.56002045
16082,Garioch Reef,145.5319519,-16.59369659
17018B,Arthur Patches,146.33929443,-17.38754654
17023,Cayley Reef,146.45716858,-17.47678375
18024,Britomart Reef,146.72647095,-18.22864151
16029,Batt Reef,145.76745605,-16.41407585
16030,Norman Reef,145.99674988,-16.42810822
16031,Satellite Reef,145.68730164,-16.44052315
16032,Saxon Reef,145.99028015,-16.46511841
16033,Linden Bank,146.00245667,-16.30648041
16034,Spur Reef,146.0460968,-16.40460777
17024,Peart Reef,146.39112854,-17.48226547
17027,Raaf Shoals,146.54182434,-17.19096756
17028,Publican Shoals (North),146.5458374,-17.26599693
17029A,Mustard Patches (North),146.60868835,-17.26187134
17029B,Mustard Patches (South),146.6104126,-17.28635788
18026,Walker Reef,146.74464417,-18.32501411
18027,Trunk Reef,146.83181763,-18.35411644
18029,Bramble Reef,146.7061615,-18.4081955
18030,Kelso Reef,146.99006653,-18.43645859
18031,Little Kelso Reef,146.99305725,-18.46914101
16035,Onyx Reef,146.06616211,-16.43915176
16036,Nicholas Reef,146.10127258,-16.49350739
16037,Wentworth Reef,145.5234375,-16.51718712
16038,Egmont Reef,145.5365448,-16.5225029
16039A,Alexandra Reefs (No 1),145.49737549,-16.53168678
16039B,Alexandra Reefs (No 2),145.50724792,-16.55913925
16040,Pixie Reef,145.86245728,-16.54697227
16041,Jorgensen Patch,145.95326233,-16.543293
17030,Publican Shoals (South),146.54396057,-17.3102417
17032,Wardle Reef,146.55096436,-17.42048264
17034,Feather Reef,146.37722778,-17.5328598
17035,Nathan Reef,146.51774597,-17.52473259
15059E,U/N Island,145.36286926,-15.77929115
15060,Ottaway Patch,145.42945862,-15.7069149
15061,Stonor Patch,145.43852234,-15.70634937
15062,Delius Patch,145.40498352,-15.70987797
15063,Gubbins Reef,145.395401,-15.70949268
16042,Breaking Patches,145.98020935,-16.58157539
16043A,Oyster Reef,145.93276978,-16.63996506
16044B,Vlasoff Reef,145.99284363,-16.65520287
16045A,Unity Reef (No 1),145.5710144,-16.6575222
16045B,Unity Reef (No 2),145.58137512,-16.65455818
17037,Hall-Thompson Reef,146.45721436,-17.60943413
17038,Surprise Shoal,146.4188385,-17.60771561
17040,Lindquist Reef,146.15814209,-17.65419388
17041,Goudge Bank,146.38218689,-17.66228104
15064,Hope Islands Reef (West),145.43962097,-15.73865223
15065,Hope Islands Reef (East),145.45783997,-15.73295879
16046,Upolu Reef,145.93695068,-16.67423248
16047,Double Island Reef,145.684021,-16.72931671
17042,Adelaide Reef,146.47129822,-17.65380287
17043A,Jessie-Kent Reef,146.17663574,-17.67463112
17043B,Bresnahan Reef,146.16903687,-17.66718864
17043C,Hutchison Reef,146.16906738,-17.67407036
17044,Ellison Reef,146.39360046,-17.72225189
15068,Lake Reef,145.39460754,-15.91630745
15070,Vicki Harriott Reef,145.61799622,-15.50250721
16048,Haycock Reef,145.68785095,-16.73412514
17046,Sisters-Stephens Reef,146.15362549,-17.7495575
17047,Eddy Reef,146.43510437,-17.77425957
17048,King Reefs,146.1231842,-17.77316666
15075A,Ribbon No 2 Reef (No 1),145.79620361,-15.55718899
15075B,Ribbon No 2 Reef (No 2),145.7809906,-15.53843307
15075C,Ribbon No 2 Reef (No 3),145.77827454,-15.57324219
15078,Osterlund Reef,145.53218079,-15.55632114
16049,Green Island Reef,145.99865723,-16.76707268
16051B,Rocky Island Reef,145.89447021,-16.88667107
17051,Beaver Reef,146.4835968,-17.84960938
17053,Stingaree Reefs,146.15113831,-17.95157051
17055,Thorpe (Timana) Reef,146.13597107,-17.97660637
15080,Ribbon No 1 Reef,145.80508423,-15.60583305
15081,Rosser Reef,145.51507568,-15.60728073
15082,Emily Reef,145.62632751,-15.60594273
15083,Gill Patches,145.50814819,-15.62998772
15084,Irene Reef,145.71505737,-15.64757061
15085,Lena Reef,145.80799866,-15.64650345
16051A,Rocky Island Reef,145.89472961,-16.88350105
16054A,Fitzroy Island Reef (No 1),145.99356079,-16.92498398
17001A,Sudbury Reef (No 1),146.2049408,-16.99837875
17057,Gilbey Reef,146.57826233,-17.58052826
17058,Armistice Reef,146.71542358,-17.66964531
17059A,Potter Reef (No 1),146.54440308,-17.69752693
17059B,Potter Reef (No 2),146.55450439,-17.72473907
17059C,Potter Reef (No 3),146.57209778,-17.69412804
15086,Cairns Reef,145.50866699,-15.67227173
15087,Pearl Reef,145.80036926,-15.71876621
15088,Ruby Reef,145.78079224,-15.74977016
15089,Endeavour Reef,145.58180237,-15.77656364
15090,Andersen Reef,145.80323792,-15.78924942
15092,Rachel Carson Reef,145.81944275,-15.82970524
16054B,Fitzroy Island Reef (No 2),145.98471069,-16.93302727
17001B,Sudbury Reef (No 2),146.19506836,-16.95053864
17001C,Sudbury Reef (No 3),146.21685791,-16.95290756
17001D,Sudbury Reef (No 4),146.21102905,-16.99845695
17002A,Stagg Patches (North),146.12869263,-17.01241112
17002B,Stagg Patches (South),146.1312561,-17.02049446
17003A,Hervey Shoals (North),146.4559021,-16.99902725
17003B,Hervey Shoals (South),146.46136475,-17.03743553
17004,Scott Reef,146.18499756,-17.07360649
17062,Noreaster Reef,146.65055847,-17.77948189
17063A,Farquharson Reef (No 1),146.51689148,-17.79090881
17063B,Farquharson Reef (No 2),146.54241943,-17.75642776
15093,Pickersgill Reef,145.57443237,-15.87277699
15094,Escape Reef,145.79629517,-15.87716198
15095,Evening Reef,145.65682983,-15.90518665
15096,Agincourt Reefs (No 4),145.82078552,-15.94987965
16055,Little Fitzroy Island Reef,146.00578308,-16.92298126
17005,Stevens Reef,146.41052246,-17.09885216
17006,Maori Reef,146.34466553,-17.09428787
17008,Noggin Reef,146.46858215,-17.12631226
17064,Taylor Reef,146.54951477,-17.83285522
17066,Yamacutta Reef,146.58634949,-17.88853264
15098,Morning Reef,145.6651001,-15.97551823
15099A,Agincourt Reefs (No 3),145.83221436,-15.98979378
15099B,Agincourt Reefs (No 2a),145.85093689,-16.01783371
15099C,Agincourt Reefs (No 1),145.86737061,-16.05204773
15099D,Agincourt Reefs (No 5),145.83525085,-16.03521538
15099E,Agincourt Reefs (No 2b),145.85839844,-16.03013229
16057,Hastings Reef,146.00813293,-16.51843643
17009A,Tobias Spit,146.01023865,-17.15787888
17068,Moss Reef,146.79472351,-17.94563866
16004,Struck Reef,145.44586182,-16.1672802
16005,Black Rock Reef,145.48576355,-16.2443924
16058,Hope Reef,146.12957764,-16.52711296
16060,Michaelmas Reef,146.01898193,-16.5817585
16061,Fin Reef,146.16398621,-16.60890007
16062A,Pretty Patches (No 1),146.02287292,-16.64326859
17010,Flora Reef,146.29089355,-17.1848011
17011,Coates Reef,146.36857605,-17.19708824
17012,Normanby-Mabel Reef,146.07714844,-17.20950317
18001,Richards (Bedarra) Reef,146.15190125,-18.00790215
18003,Wheeler (Toolgbar) Island Reef,146.16633606,-18.02551842
18004,Coombe Reef,146.17631531,-18.0398407
18005,Smith-Bowden Reef,146.20005798,-18.03983498
16006,Snapper Reef,145.49964905,-16.29825974
16062B,Pretty Patches (No 2),146.04202271,-16.6241188
16062C,Pretty Patches (No 3),146.03562927,-16.64635658
16063,Euston Reef,146.25227356,-16.68704605
16064,Arlington Reef,146.05477905,-16.69470215
16065,Flynn Reef,146.27462769,-16.72874832
17012B,Jones Patch,146.07754517,-17.21987915
17013,Round-Russell Reef,146.09152222,-17.22398567
18006,Hudson (Coolah) Reef,146.20283508,-18.05085564
18007,Kennedy Shoal,146.45056152,-18.07859993
18008,Brook Islands Reef,146.29048157,-18.14867592
18009,Brook Shoal,146.26716614,-18.15608406
16010,Morey Reef,145.44677734,-16.47330093
16012A,Spitfire Reefs (West),145.61981201,-16.00907516
16012B,Spitfire Reefs (East),145.63525391,-16.01484108
16066A,Jenny Louise Shoal (North),146.32583618,-16.73413849
16066B,Jenny Louise Shoal (South),146.34199524,-16.75384903
16067,Milln Reef,146.2653656,-16.77837372
16068,Thetford Reef,146.18086243,-16.80299377
16069,Baines Patches,146.3543396,-16.80519676
16070,Pellowe Reef,146.35768127,-16.85753441
18010,Goold Reef,146.15882874,-18.16708183
18011,Garden Reef,146.14523315,-18.18221283
18013,Eva Reef,146.32363892,-18.23547363
18014,Hinchinbrook Reef,146.31582642,-18.35866356
18015,Agnes Reef,146.32815552,-18.35521507
16015,Mackay Reef,145.64700317,-16.04948044
16017,Sylvan Reef,145.72079468,-16.07977295
16019,St Crispin Reef,145.83328247,-16.10412598
14118,Eyrie Reef,145.3792572,-14.71065998
14119A,Turtle Reef (North),145.16590881,-14.71613312
14119B,Turtle Reef (South),145.16101074,-14.72149372
14120A,Turtle Group Reef (No 1),145.1870575,-14.73452568
15033,Lark Reef,145.5735321,-15.28826046
15038,Ribbon No 5 Reef,145.78292847,-15.36378002
13107,Pelican Island Reef,143.84161377,-13.91487694
13108,Hedge Reef,143.95117188,-13.90026379
14051,South Warden Reef,144.73968506,-14.23914433
14052,Unison Reef,144.68772888,-14.29763222
14054,Stapleton Reef,144.85919189,-14.32140255
14120B,Turtle Group Reef (No 2),145.1991272,-14.73466969
14120C,Turtle Group Reef (No 3),145.17935181,-14.72984409
14120D,Turtle Group Reef (No 4),145.19801331,-14.72135258
14120E,Turtle Group Reef (No 5),145.20419312,-14.70484257
14120F,Turtle Group Reef (No 6),145.19319153,-14.71372223
14120G,Turtle Group Reef (No 7),145.18951416,-14.72822189
15039,Williamson Reefs,145.58148193,-15.35902119
13111,Burkitt Reef,143.75439453,-13.94378567
13113,Iris Reef,143.84162903,-13.96045017
13114,Obree Reef,143.68238831,-13.97581577
14055,Munro Reef,144.74142456,-14.31907654
14057A,Davy Patches (No 1),144.71818542,-14.32648373
14057B,Davy Patches (No 2),144.70785522,-14.33612728
14057C,Davy Patches (No 3),144.72001648,-14.34114552
14060,Barrow Reef,144.65068054,-14.34283352
14120H,Turtle Group Reef (No 8),145.18469238,-14.71768856
14120J,Turtle Group Reef (No 9),145.20838928,-14.74336147
14121,Crompton Shoals,145.27624512,-14.71804142
14122A,Pethebridge Islets Reef (East),145.10093689,-14.73142147
14122B,Pethebridge Islets Reef (West),145.08262634,-14.7362051
14123,Martin Reef,145.35552979,-14.76314163
15046,Ribbon No 4 Reef,145.8008728,-15.43488216
15050,Ribbon No 3 Reef,145.80554199,-15.48834705
13118A,Creech Reef (North),144.10391235,-13.62558937
13118B,Creech Reef (South),144.10731506,-13.64566326
14061,Switzer Reef,144.75698853,-14.36003113
14063,Combe Reef,144.9510498,-14.41412067
14125,Maxwell Reef,145.31558228,-14.78671837
14126,Linnet Reef,145.34443665,-14.78665161
14128,Sim Reef,145.28337097,-14.81706524
15051,Dawson Reef,145.32821655,-15.50472927
15052,Cowlishaw Reef,145.35255432,-15.53471947
15053,Draper Patch,145.30262756,-15.54612827
15054,Rocky Island Reef,145.32945251,-15.60156059
15056,Malcolm Patch,145.44831848,-15.62467194
15057,Bee Reef,145.42962646,-15.64048386
13120,Sand Bank No 5 Reef,144.23735046,-13.73683643
14064,Ingram-Beanley Reef,144.88970947,-14.42552853
14065,Bewick Reef,144.81156921,-14.43275642
14131,Decapolis Reef,145.27287292,-14.85046291
14132A,Rocky Islets Reef,145.47993469,-14.85496998
14134,Eye Reef,145.47799683,-14.89468002
13045,Lowrie Reef,143.5960083,-13.27562618
13048,Bow Reef,143.67321777,-13.30812263
14066,Mid Reef,144.95834351,-14.45742226
14068,Watson Reef,144.89328003,-14.46287346
14069,Wooden Patch,144.75350952,-14.47551155
14070,Baron Reef,144.69804382,-14.47436333
14135,Helsdon Reef,145.48800659,-14.93945408
14137,Carter Reef,145.58898926,-14.54767418
14138,Yonge Reef,145.62347412,-14.59968185
14139,No Name Reef,145.64628601,-14.64376545
13053,Treat Reef,143.60075378,-13.32652664
13127,Rodda Reef,144.35662842,-13.92119122
13128,Joan Reef,144.34959412,-13.94645691
13129,Wilson Reef,144.40107727,-13.95244312
13130,Davie Reef,144.45483398,-13.97737408
13131,Eves Reef,144.5743866,-13.96196938
14071A,Weigall Reefs (East),144.64302063,-14.47416687
14071B,Weigall Reefs (West),144.63766479,-14.47897816
14072,Megaera Reef,144.95802307,-14.4773941
14143,North Direction Reef,145.51068115,-14.74591541
14144,Kedge Reef,145.53094482,-14.78259373
13055,Peter Reef,143.78071594,-13.33258152
13056,Sand Bank No 8 Reef,143.96214294,-13.36719513
13057A,Sharland Reefs (No 1),143.59918213,-13.36875439
13057B,Sharland Reefs (No 2),143.59742737,-13.38262463
13133,Tydeman Reef,144.52000427,-13.98367882
14002,Beabey Patches,143.82217407,-14.01346874
14079,Jewell Reef,145.35128784,-14.37976837
14146,Ribbon No 10 Reef,145.69813538,-14.82720089
14147A,South Direction Reef (North),145.52357483,-14.82437229
14147B,South Direction Reef (South),145.52072144,-14.81170082
13059,Ellis Reef,143.70544434,-13.38013554
13060,Blanchard Reef,143.75065613,-13.41682148
14003,Grub Reef,143.98217773,-14.00527954
14004,Keast Shoal,143.93527222,-14.05226326
14005,Cameron Shoal,143.93186951,-14.05947208
14006,Fahey Reef,143.8589325,-14.06368637
14007,Taiwan Shoal,143.92588806,-14.06640339
14082,Crescent Reef,145.08926392,-14.4156599
14083,Parke Reef,145.32247925,-14.4195385
14085,Hilder Reef,145.41036987,-14.44501114
14151,No 10 Patches (No 1),145.69042969,-14.91990566
14152,No 10 Patches (No 2),145.68173218,-14.93192387
14153A,No 10 Patches (No 3),145.69018555,-14.95040894
14153B,No 10 Patches (No 4),145.68621826,-14.96847725
13061C,Sand Bank No 7 Reef,143.97851563,-13.43976307
13062,Roskruge Reef,143.62867737,-13.41608715
13064,North Khandalla Shoal,143.68893433,-13.42867851
13065,Drake Shoal,143.70610046,-13.43428612
13066,South Khandalla Shoal,143.69161987,-13.43684864
13068,Quake Reef,143.65106201,-13.45235825
13069,Bell Bank (North),143.62536621,-13.45379353
13070,Bell Bank (South),143.62139893,-13.46678734
13071,Heath Reef,143.68113708,-13.47515297
14008,Eden Reef,143.91389465,-14.07781029
14009,Clark Shoal,143.93676758,-14.12939835
14011,Olive Patch,143.93307495,-14.17860126
14012,Cliff Islands Reef (West),143.7739563,-14.22058868
14013,Cliff Islands Reef (East),143.79229736,-14.22569561
14015,June Reef,143.7796936,-14.28871727
14086,Hicks Reef,145.4821167,-14.45256233
14087,Snake Reef,145.02529907,-14.47311687
14088,Waining Reef,145.22224426,-14.45621586
14089,Day Reef,145.53677368,-14.49668884
14154,Ribbon No 9 Reef,145.70335388,-14.99295044
15001,Ada Bank,145.46420288,-15.00384617
13072,Morris Island Reef,143.73855591,-13.48629475
13075,MacDonald Reef,143.65530396,-13.54245853
14016,Corbett Reef,144.11610413,-13.97915649
14017,Clack Reef,144.24232483,-14.06813049
14018,King Island Reef,144.32124329,-14.09972095
14019,Aylen Patch,144.48490906,-14.1037178
14020,Oswald Shoal,144.49787903,-14.10725403
14090,Howick Reef,144.97001648,-14.50333881
14091,Noble Reef,144.76498413,-14.5015974
15002,Two Islands Reef,145.44151306,-15.02282429
15003,Low Wooded Reef,145.37962341,-15.09353924
15004A,Murray Reefs (No  1),145.26332092,-15.09548569
15004B,Murray Reefs (No  2),145.26872253,-15.09468842
15004C,Murray Reefs (No  3),145.2641449,-15.10084438
13076,Ogilvie Reef,143.79095459,-13.52589226
14022,Wharton Reef,144.00228882,-14.12823677
14023,Atkinson Reef,144.30235291,-14.12132931
14024,Channel Rocks Reef,144.48410034,-14.14257717
14025,Boulder Rock Reef,144.4851532,-14.14838314
14026A,Stanley Island Reef (No 1),144.24606323,-14.14079285
14092,Newton Reef,144.915802,-14.5055275
14093,Sand Reef,144.84501648,-14.52162933
14094,Houghton Reef,144.97320557,-14.52409172
14097,Coquet Reef,144.99267578,-14.53987789
15005,Three Islands Reef,145.4223938,-15.11523628
15006,Conical Rock Reef,145.31759644,-15.13833618
15008,Beor Reef,145.26821899,-15.15889835
15009,Forrester Reef,145.49612427,-15.16672802
15011,Petty Patch,145.3425293,-15.21461678
13079A,Noddy Reef (No 1),143.7923584,-13.68203926
13079B,Noddy Reef (No 2),143.8249054,-13.6243248
13079C,Noddy Reef (No 3),143.90786743,-13.6067009
14026B,Stanley Island Reef (No 2),144.2540741,-14.15140057
14026C,Stanley Island Reef (No 3),144.23217773,-14.16351414
14026D,Stanley Island Reef (No 4),144.21936035,-14.17449474
14026E,Stanley Island Reef (No 5),144.21647644,-14.16182899
14029,MacLear Reef,144.24589539,-14.20897293
14098A,Miles Reef (North),144.92166138,-14.54079914
14098B,Miles Reef (South),144.91864014,-14.54436874
14099,Leggatt Reef,144.87019348,-14.54813004
14101,Sinclair-Morris Reef,144.90519714,-14.55351067
14102,Hampton Reef,144.88925171,-14.56277466
14103,Beatrice Reef,144.92724609,-14.57393074
15012,Boulder Reef,145.43144226,-15.41388798
15013,Egret Reef,145.41749573,-15.47411537
15014A,Blackbird Patches (North),145.28981018,-15.47772884
15014B,Blackbird Patches (South),145.28871155,-15.48388767
15015,Tilbrook Bank,145.51106262,-15.00606918
15016,Gull Reef,145.56919861,-15.00490189
13081,Fife Reef,143.73074341,-13.65333939
13083,Hay Island Reef,143.6907196,-13.6692791
13085,Frenchman Reef,143.56437683,-13.72936916
13086,Poulsen Reef,143.6388092,-13.73720264
14031,Blackwood Reef,144.22192383,-14.21750355
14032,Denham Reef,144.26789856,-14.2218523
14033A,Rocky Islets Reef (North),144.34783936,-14.25623035
14033B,Rocky Islets Reef (South),144.35614014,-14.27101898
14036,Pipon Shoals,144.53530884,-14.09478951
14037,Melanie Patches,144.57701111,-14.10134888
14104,Murdoch Reef,144.93525696,-14.61428642
14106,Rocky Ledges,144.95262146,-14.68451023
14109,Fly Reef,145.15846252,-14.50730419
14110,Underwood Shoal,145.4662323,-14.59091663
14111,Covered Reef,145.1781311,-14.66032028
14112,Stewart Shoal,145.46826172,-14.61452484
15018,Pasco Reef,145.53305054,-15.04456997
15019,Long Reef,145.57000732,-15.05088806
15020,Strickland Reef,145.51753235,-15.07336807
15021A,Ribbon No 8 Reef,145.72372437,-15.07281303
13087,Magpie Reef,143.8379364,-13.75963593
13088,Lytton Reef,143.90577698,-13.74318218
13091,Wilkie Reef,143.64048767,-13.77140236
14038,Pipon Reef,144.52462769,-14.12029743
14039,North Warden Reef,144.64640808,-14.16754627
14040,Singleton Patch,144.60075378,-14.15975761
14113,Petricola Shoal,145.48031616,-14.63325691
14114,MacGillivray Reef,145.49102783,-14.6519022
14115,Nymph Reef,145.25215149,-14.65499687
15024,Mackay Reefs,145.57130432,-15.13893986
15025,Harrier Reef,145.69720459,-15.13665295
15026,Ribbon No 7 Reef,145.7383728,-15.18930244
15027,Marx Reef,145.62117004,-15.19776058
13095,Sullivan Shoal,143.68710327,-13.84641743
13096,Ballerina Shoal,143.77804565,-13.84458733
14042A,Flinders Island Reef (No 1),144.27885437,-14.17367458
14042B,Flinders Island Reef (No 2),144.25515747,-14.194561
14042C,Flinders Island Reef (No 3),144.24424744,-14.17051411
14044,Hales Reef,144.53822327,-14.18373394
14045,Sand Bank No 1 Reef,144.89193726,-14.20033455
14116A,Lizard Island Reef (North West),145.44694519,-14.65856457
14116B,Lizard Island Reef (North East),145.46611023,-14.65501785
14116D,Lizard Island Reef (Lagoon),145.44981384,-14.68557739
15028,Startle Reefs,145.55651855,-15.20737457
15029,Camel Head Reef,145.72250366,-15.24113178
15030,Swinger Reef,145.53718567,-15.24224567
15031,Pullen Reefs,145.58721924,-15.25070858
15032,Ribbon No 6 Reef,145.75184631,-15.28094673
13097,Hannah Island Reef,143.71783447,-13.86518288
13101A,Rattlesnake Reefs (No 1),143.63835144,-13.87374783
13101B,Rattlesnake Reefs (No 2),143.64442444,-13.88198185
13101C,Rattlesnake Reefs (No 3),143.6557312,-13.90091991
13104,Kestrel Reef,143.89254761,-13.90420246
14048,Broomfield Rock Reef,144.6701355,-14.20374966
14050,Rocky Point Island Reef,144.57673645,-14.23252583
14116C,Lizard Island Reef (Coconut Bay),145.47232056,-14.68106556
14117,Gunga Shoal,145.19998169,-14.66886806
20058A,Dent Reef (No 1),148.93582153,-20.34912682
20058B,Dent Reef (No 2),148.92732239,-20.34967041
20060A,Long Island Reef (No 1),148.84838867,-20.3289814
20078D,Haslewood Island Reef (No 4),149.08230591,-20.30060959
20078E,Haslewood Island Reef (No 5),149.09898376,-20.28015709
20010A,Black Currant-Manta Ray Reef (No 1),148.50799561,-20.08583832
20041L,Whitsunday Island Reef (No 11),148.92951965,-20.29818916
20041M,Whitsunday Island Reef (No 12),148.92089844,-20.29049301
20060B,Long Island Reef (No 2),148.84709167,-20.34325027
20060C,Long Island Reef (No 3),148.84806824,-20.36315346
20078F,Lupton Reef,149.11209106,-20.27614784
20078G,Cashell Reef,149.10540771,-20.26360321
20017,Black Island Reef,148.89268494,-20.08108711
20018,Double Rock Reef,148.97502136,-20.07186508
20019,Langford-Bird Reef,148.87759399,-20.0883007
20041N,Whitsunday Island Reef (No 13),148.92488098,-20.27789116
20041O,Whitsunday Island Reef (No 14),148.95228577,-20.24401665
20041P,Whitsunday Island Reef (No 15),148.94543457,-20.22443008
20060D,Long Island Reef (No 4),148.85096741,-20.37420464
20060E,Long Island Reef (No 5),148.86151123,-20.39131165
20060F,Long Island Reef (No 6),148.85844421,-20.35241699
20078H,Haslewood Island Reef (No 6),149.08831787,-20.30246353
20079,Workington Reef,149.1194458,-20.26964378
20020,Gumbrell Reef,148.60772705,-20.10022926
20041Q,Whitsunday Island Reef (No 16),148.95184326,-20.21712685
20041R,Whitsunday Island Reef (No 17),148.95773315,-20.17952156
20041T,Whitsunday Island Reef (No 18),148.95925903,-20.15612793
20041U,Whitsunday Island Reef (No 19),148.96846008,-20.32762146
20041V,Whitsunday Island Reef (No 20),148.98083496,-20.32308197
20060G,Long Island Reef (No 7),148.87409973,-20.38865471
20060H,Long Island Reef (No 8),148.85568237,-20.32502365
20080,Leeper Shoal,149.08911133,-20.14084625
20081,Nicolson Reef,149.0941925,-20.30509949
20021,Olden Reef,148.57221985,-20.10396576
20022,Armit Island Reef,148.65237427,-20.10769844
20041W,Whitsunday Island Reef (No 21),148.99162292,-20.30598831
20041X,Whitsunday Island Reef (No 22),149.00630188,-20.3098774
20041Y,Whitsunday Island Reef (No 23),149.0144043,-20.31586456
20041Z,Whitsunday Island Reef (No 24),149.03237915,-20.30604362
20061,Pine Island Reef,148.8863678,-20.37526894
20041,Fitzalan Island Reef,148.95960999,-20.33107758
20042A,South Molle Reef (No 1),148.8409729,-20.27581787
20042B,South Molle Reef (No 2),148.82739258,-20.27772713
20063,Three Fathom Patch,148.86070251,-20.4138813
20024,Double Cone Reef,148.71392822,-20.10733986
20042C,South Molle Reef (No 3),148.83091736,-20.26343346
20042D,South Molle Reef (No 4),148.84086609,-20.26076698
20043,Planton Reef,148.85121155,-20.26683617
20064,Cow Reef,148.84179688,-20.42320824
20026,Edwin Reef,148.61210632,-20.12642479
20044,Denman Reef,148.84886169,-20.28226471
20045,Almora Reef,148.7699585,-20.2343483
20065A,Calf Reef (No 1),148.84413147,-20.42871666
20065B,Calf Reef (No 2),148.85012817,-20.42609596
20065C,Calf Reef (No 3),148.85063171,-20.42651367
20066,Long Shoal,148.93826294,-20.48897934
20067A,Border Island Reef (No 1),149.02896118,-20.16838264
20028A,Hook Island Reef (No 1),148.94364929,-20.11535072
20028B,Hook Island Reef (No 2),148.92883301,-20.16004562
20028C,Hook Island Reef (No 3),148.92100525,-20.1589241
20028D,Hook Island Reef (No 4),148.90341187,-20.15073013
20028E,Hook Island Reef (No 5),148.89726257,-20.1150074
20028F,Hook Island Reef (No 6),148.90800476,-20.07657051
20047,Low Rock Reef,148.80155945,-20.28759575
20067B,Border Island Reef (No 2),149.03865051,-20.16909027
20067C,Border Island Reef (No 3),149.03349304,-20.1568203
20028G,Hook Island Reef (No 7),148.92481995,-20.07283401
20028H,Hook Island Reef (No 9),148.95826721,-20.06318474
20028J,Hook Island Reef (No 8),148.93867493,-20.06734848
20028I,Hook Island Reef (No 10),148.95419312,-20.08506966
20028L,Hook Island Reef (No 11),148.95611572,-20.10394287
20029,Low Island Reef,148.57978821,-20.14570808
20048,Shute Reef,148.80102539,-20.29733086
20068A,Dumbell Reef (No 1),149.00721741,-20.17323875
20068B,Dumbell Reef (No 2),149.00930786,-20.17479134
20069,Petrel Reef,149.11491394,-20.19784927
19802,Sand Island,147.37013245,-19.3511219
20002,North Head Reef,148.27438354,-20.02167892
20003A,Gloucester Reef (No 1),148.4488678,-20.03830528
20030,Grassy Reef,148.60662842,-20.14949417
20031,Roseric Shoal,148.70889282,-20.18407631
20032,Pioneer Rocks Reef,148.75732422,-20.22656441
20033,North Molle Reef,148.82090759,-20.23189163
20049A,Repair Reef,148.79159546,-20.29678726
20049B,Tancred Reef,148.79595947,-20.29909706
20050,Alert Bank,148.84660339,-20.30469131
20070,Esk Island Reef,149.0413208,-20.23356819
20003B,Gloucester Reef (No 2),148.46907043,-19.99414444
20003C,Gloucester Reef (No 3),148.47633362,-19.99939156
20003D,Gloucester Reef (No 4),148.47612,-20.00348282
20003E,Gloucester Reef (No 5),148.47497559,-20.01872063
20003F,Gloucester Reef (No 6),148.47555542,-20.02669525
20003G,Gloucester Reef (No 7),148.4756012,-20.03020859
20034,Mid Molle Reef,148.83024597,-20.24907303
20035A,Daydream Reef (No 1),148.81378174,-20.25341225
20051,White Rock Reef,148.80989075,-20.30286217
20053,Henning Reef,148.92999268,-20.32267761
20071,Ireby Reef,149.14250183,-20.22736168
20072,Sillago Reef,149.16030884,-20.2368145
20003H,Gloucester Reef (No 8),148.47570801,-20.04196358
20035B,Daydream Reef (No 2),148.81378174,-20.2606411
20035C,Daydream Reef (No 3),148.81478882,-20.25654411
20035D,Daydream Reef (No 4),148.81532288,-20.25338173
20036,Conder Shoal,148.91166687,-20.24215126
20037,Ross Islet Reef,148.92556763,-20.26183891
20039,Hill Rock Reef,148.91085815,-20.26172447
20040,Cid Reef,148.91755676,-20.26990128
20054,East Rocks Reef,148.86065674,-20.33601952
20073,Wirrainbeia Reef,149.14204407,-20.23366547
20074,Harold Reef,149.15301514,-20.24010658
20004,Stone Reef,148.28443909,-20.03719139
20010B,Black Currant-Manta Ray Reef (No 2),148.44236755,-20.06514931
20007,Chyebassa Shoal,148.33752441,-20.07639503
20008,Winter Shoal,148.30184937,-20.07342529
20041A,Whitsunday Island Reef (No 1),148.98013306,-20.19519615
20041B,Whitsunday Island Reef (No 2),148.99261475,-20.22229195
20041C,Whitsunday Island Reef (No 3),148.99784851,-20.24028397
20041D,Whitsunday Island Reef (No 4),149.01274109,-20.24419212
20055,Perseverance Reef,148.99220276,-20.35527611
20056,Young Island Reef,148.99694824,-20.35725975
20075A,Edward Island Reef,149.17373657,-20.24800873
20009,Thomas Reef,148.29556274,-20.08224487
20011,Poole Reef,148.30851746,-20.10821152
20041E,Whitsunday Island Reef (No 5),149.05473328,-20.30198097
20041F,Whitsunday Island Reef (No 6),149.04536438,-20.31279182
20041G,Whitsunday Island Reef (No 7),149.04203796,-20.30731583
20057A,Hamilton Island Reef (No 1),148.96455383,-20.34486198
20057B,Hamilton island Reef (No 2),148.96372986,-20.36150932
20076,Lagoon Rock Reef,149.04193115,-20.2667141
20078A,Haslewood Island Reef (No 1),149.09307861,-20.26375389
20012,Eshelby Reef,148.62390137,-20.01794243
20041H,Whitsunday Island Reef (No 8),148.98327637,-20.31527519
20041J,Whitsunday Island Reef (No 9),148.9546051,-20.31395149
20041K,Whitsunday Island Reef (No 10),148.95071411,-20.29681396
20057C,Hamilton Island Reef (No 3),148.94784546,-20.33783913
20057D,Hamilton Island Reef (No 4),148.94662476,-20.35720634
20057E,Hamilton Island Reef (No 5),148.94903564,-20.36409378
20078B,Haslewood Island Reef (No 2),149.07511902,-20.27492523
20078C,Haslewood Island Reef (No 3),149.07316589,-20.29553604
20014,Hayman Island Reef,148.89082336,-20.06110573
20015A,Saddleback Island Reef (No 1),148.53865051,-20.06451797
20015B,Saddleback Island Reef (No 2),148.54428101,-20.06041527
19133,Sinker Reef,149.19891357,-19.71930695
19134,Circular Quay Reef,149.48550415,-19.74379349
19135,Hardy Reef,149.23330688,-19.76042366
19229,Thompson Shoal,150.32232666,-19.9044075
19230,Blossom Bank (West),150.34951782,-19.79316902
19231,Marilyn Shoal,150.3888855,-19.8113327
19232,Ferris Shoal,150.37007141,-19.8595829
19233,Maschke Shoal,150.35675049,-19.88422775
19234,Blossom Bank (East),150.36332703,-19.79660225
18095,Wheeler Reef,147.52622986,-18.79788971
18096,Davies Reef,147.64483643,-18.8224926
18099,Saville-Kent Reef,147.88334656,-18.85930061
18100A,(Big) Broadhurst Reef (No 1),147.74226379,-18.90699196
19054,Tiger Reef,148.54875183,-19.20061874
19061,Jacqueline Reef,148.90376282,-19.21391678
19136A,Hook Reef,149.18539429,-19.79242516
19136B,Barb Reef,149.11845398,-19.80438423
19137,Bait Reef,149.07359314,-19.80712891
19140,Gable Reef,149.74319458,-19.52979279
19141,Stucco Reef,149.59751892,-19.55791283
18100B,(Big) Broadhurst Reef (No 2),147.6938324,-18.8633194
18101,Judith Wright Reef,147.95126343,-18.89966774
18105A,Banfield Reef (North),147.89686584,-18.9248848
18105B,Banfield Reef (South),147.90930176,-18.93882942
18106,(Little) Broadhurst Reef,147.69447327,-18.95594597
19063A,Kangaroo Reef (East),148.61715698,-19.26265907
19063B,Kangaroo Reef (West),148.55070496,-19.25987816
19142,Lath Reef,149.66111755,-19.57308006
19146,Rafter Reef,149.6325531,-19.61058044
19147,Plaster Reef,149.66975403,-19.62962532
19148,Eave Reef,149.76974487,-19.60277557
19149,Brick Reef,149.72477722,-19.60995483
18111,Eagle Reef,148.07872009,-18.8542881
18112,Viper Reef,148.15063477,-18.87314415
18115,Jupiter Reef,148.25306702,-18.92404175
19071,Wallaby Reef,148.65942383,-19.42391014
19151,Tile Reef,149.84999084,-19.61589622
19152,Reimer Reef,149.87913513,-19.63298798
19156,Girder Reef,149.75398254,-19.66420555
19157,Little Reef,149.57910156,-19.66706085
18118,Shrimp Reef,148.05303955,-18.96915054
18119,Lion Reef,148.37664795,-18.95051575
18120,Jaguar Reef,148.42677307,-18.9756794
18121A,Hall Reef (North),147.51361084,-18.63195801
18121B,Hall Reef (South),147.48963928,-18.67331696
19072A,Gould Reef (No 1),148.77920532,-19.37535858
19072B,Gould Reef (No 2),148.72174072,-19.4563446
19072C,Gould Reef (No 3),148.73600769,-19.50256348
19072D,Gould Reef (No 4),148.78492737,-19.49802017
19159,Slate Reef,149.92649841,-19.66704559
18032,Rib Reef,146.8711853,-18.48267555
18033,Pith Reef,147.01611328,-18.20892143
18034,Myrmidon Reef,147.38424683,-18.26569939
18035,Thread Shoal,147.17472839,-18.34340477
18036,Urchin Shoal,147.08123779,-18.34713173
19072E,Gould Reef (No 5),148.7893219,-19.4530983
19074A,Cobham Reef (North),148.87091064,-19.39793015
19074B,Cobham Reef (South),148.85443115,-19.43570137
19167,Thatch Reef,149.97798157,-19.69270134
18037,Needle Reef,147.2053833,-18.36123848
18038,Thimble Shoal,147.2587738,-18.37366486
18039,Dip Reef,147.44873047,-18.41375351
18040,Arab Reef,147.13941956,-18.41486359
18041,Faraday Reef,147.34922791,-18.42234421
18042,Roxburgh Reef,147.05809021,-18.43182755
18043,Fore And Aft Reef,147.03765869,-18.50482941
19001,Bramble Rock Reef,146.62770081,-19.0226078
19075,Martin Reef,148.82408142,-19.4805069
19076,Showers Reef,148.89859009,-19.49141884
19177,Crab Reef,149.70863342,-19.7245388
19179,Howse Reef,149.78657532,-19.74257851
18044,Westmoreland Reef,147.10232544,-18.49254036
18045,Cotton Shoal,147.3999939,-18.47879601
18046,Coil Reef,147.5223999,-18.43486214
18048,Pelorus (North Palm or Yanooa) Reef,146.48890686,-18.5564518
18049A,Orpheus (Goolboddi) Island Reef (No 1),146.48745728,-18.60209465
19002,Herald Island Reef,146.62962341,-19.0282917
19003,Rattlesnake Island Reef,146.60942078,-19.03806686
19004,Lorne Reef,146.5867157,-19.03454971
19005,Paluma Shoals,146.56114197,-19.09809113
19006,Orchard Rocks Reef,146.88076782,-19.10871315
19081,Ellen Reef,149.24351501,-19.31081772
19082,Elizabeth Reef,149.04302979,-19.32583809
19180,Gargoyle Reef,149.68336487,-19.74087906
19187,Hewitt Reef,149.62379456,-19.78406334
18049B,Orpheus (Goolboddi) Island Reef (No 2),146.49493408,-18.63393593
18049C,Orpheus (Goolboddi) Island Reef (No 3),146.489151,-18.65820313
18049D,Orpheus (Goolboddi) Island Reef (No 4),146.50602722,-18.63929176
18049E,Orpheus (Goolboddi) Island Reef (No 5),146.49836731,-18.59331703
18050,Lady Elliot Reef,146.33102417,-18.6824894
18051,Pandora Reef,146.43373108,-18.81227303
18052A,Curacoa (Noogoo) Reef (No 1),146.56321716,-18.66501045
19009A,Cockle Bay Reef,146.80999756,-19.16818237
19009B,Magnetic Island Reef (No 1),146.85035706,-19.16638565
19009C,Magnetic Island Reef (No 2),146.86457825,-19.15415764
19009D,Magnetic Island Reef (No 3),146.88096619,-19.12154007
19009E,Magnetic Island Reef (No 4),146.88215637,-19.11715317
19009F,Magnetic Island Reef (No 5),146.86222839,-19.11130142
19091,Eulalie Reef,149.41616821,-19.34141922
18052B,Curacoa (Noogoo) Reef (No 2),146.55496216,-18.67755318
18053,Fantome (Eumilli) Island Reef,146.51159668,-18.67670441
18054A,Great Palm Island Reef (No 1),146.57614136,-18.71694756
19009G,Magnetic Island Reef (No 6),146.81520081,-19.11626816
19009H,Magnetic Island Reef (No 7),146.83276367,-19.10866547
19009J,Magnetic Island Reef (No 8),146.78871155,-19.11935616
19011,Middle Reef,146.81465149,-19.19767761
19012,Virago Shoal,146.79325867,-19.20972633
19013,Salamander Reef,147.06556702,-19.17939186
19096,Kennedy Reef,149.15634155,-19.45158958
19097,Net Reef,149.05377197,-19.49880409
19195,Napier Reef,149.89492798,-19.84568024
19197,Ross Reef,149.58132935,-19.87267685
18054B,Great Palm Island Reef (No 2),146.6103363,-18.76537895
18054C,Great Palm Island Reef (No 3),146.67880249,-18.76471901
18054D,Great Palm Island Reef (No 4),146.69200134,-18.75086212
18054E,Great Palm Island Reef (No 5),146.64472961,-18.74154854
18054F,Great Palm Island Reef (No 6),146.59866333,-18.69507027
18054G,Great Palm Island Reef (No 7),146.58349609,-18.68226433
19016,Bray Reef,147.06283569,-19.24640274
19018,Bald Reef,147.06291199,-19.27323532
19019,Bowden Reef,147.92767334,-19.03274727
19020,Morinda Shoal,147.6365509,-19.14126396
19021,Tink Shoal,147.85797119,-19.36170387
19022,Wilson Shoal,147.94281006,-19.35899925
19098,Wansfell Reef,149.11933899,-19.50007629
19099,Joist Reef,149.63226318,-19.46017265
19102,Camp Reef,147.89576721,-19.8535881
19103A,Holbourne Island Reef (No 1),148.35734558,-19.72500038
19204,Round Reef,149.62385559,-19.96522522
18058,Eclipse (Garoogubbee) Reef,146.55006409,-18.76878738
18059,Esk (Soopun) Reef,146.52073669,-18.77420425
18061,Barber (Boodthean) Reef,146.6660614,-18.77711105
18062,Brisk-Falcon Reef,146.53538513,-18.77733803
18064,Fly Island Reef,146.52542114,-18.82943153
19023,Pakhoi Bank,147.88291931,-19.44683075
19024,Prawn Reef,148.09669495,-19.02057266
19025,Castor Reef,148.34069824,-19.01529503
19027,Pollux Reef,148.30413818,-19.04730606
19028,Shell Reef,148.18159485,-19.05929375
19029,Mid Reef,148.0774231,-19.07060051
19103B,Holbourne Island Reef (No 2),148.36372375,-19.7290554
19106,Middle Island Reef,148.36381531,-19.98838997
19205A,Tideway Reef (No 1),149.72459412,-20.01020241
19205B,Tideway Reef (No 2),149.75500488,-19.99752617
19205C,Tideway Reef (No 3),149.73295593,-19.97673225
18065,Havannah Reef,146.53756714,-18.84302711
18066,Acheron Reef,146.63087463,-18.96382713
18067,Phillips Reef,146.6191864,-18.97616577
18068,Cordelia Rocks Reef,146.68490601,-18.99560356
18069A,Backnumbers Reef,147.14831543,-18.50876045
18069B,Braggs Reef,147.1398468,-18.54733849
19031,Crotan Reef,148.23110962,-19.07741928
19034,Tabias Reef,148.28695679,-19.09561729
19038A,Dingo Reef (No 1),148.29811096,-19.19438744
19107,Seagull Reef,148.97894287,-19.5239315
19109A,Fairey Reef (No 1),148.94335938,-19.53862
19109B,Fairey Reef (No 2),148.93582153,-19.56092834
19207,Hyde Reef,150.08551025,-19.75622559
19209,Rebe Reef,150.15289307,-19.79887581
18070,Arc Reef,147.44549561,-18.49704361
18071,Glow Reef,147.40255737,-18.52807808
18072,French Reef,147.23179626,-18.54670715
18073,Hopkinson Reef,147.19277954,-18.55063438
18074,Yankee Reef,147.49894714,-18.56134033
18075,John Brewer Reef,147.05296326,-18.63109779
18076,Helix Reef,147.2984314,-18.62459183
18077,Grub Reef,147.42596436,-18.62554359
19038B,Dingo Reef (No 2),148.3894043,-19.16968155
19038C,Dingo Reef (No 3),148.29582214,-19.14525986
19038D,Dingo Reef (No 4),148.34477234,-19.11131477
19038E,Dingo Reef (No 5),148.3848114,-19.12049294
19109C,Fairey Reef (No 3),148.94422913,-19.57868195
19110,Rattray Reef,148.55473328,-19.99648857
19211,Wackett Reef,150.07618713,-19.82304573
19212,Oom Reef,150.18334961,-19.82825089
19214,Wyatt Earp Reef,150.21989441,-19.86567879
19215A,Sharon Shoal (No 1),150.28781128,-19.87928772
19215B,Sharon Shoal (No 2),150.28036499,-19.86578751
19215C,Sharon Shoal (No 3),150.29707336,-19.85360909
18078,Lodestone Reef,147.10308838,-18.69019508
18079,Keeper Reef,147.26829529,-18.74611664
18080,Bowl Reef,147.53889465,-18.49941254
18081,Knife Reef,147.57148743,-18.57635307
18082,Cowboys Reef,147.84124756,-18.5816021
18083,Fork Reef,147.55445862,-18.6082859
19038F,Dingo Reef (No 6),148.472229,-19.13640022
19116,Knuckle Reef,149.27287292,-19.53398705
19215D,Sharon Shoal (No 4),150.30505371,-19.87081337
19218,Williams Reef,150.16259766,-19.90272141
19219,Conder Reef,150.19985962,-19.92139053
18084A,Cup Reef (North),147.63328552,-18.6073761
18084B,Cup Reef (South),147.59799194,-18.64159966
18084C,Saucer Reef,147.61497498,-18.65775681
18085A,Spoon Reef (North),147.56567383,-18.65759468
18085B,Spoon Reef (South),147.56385803,-18.66860008
18086,Chicken Reef,147.71723938,-18.64651299
18087,Anzac Reefs (No 1),147.85687256,-18.6938839
19043,Darley Reef,148.18327332,-19.19681931
19044,Faith Reef,148.349823,-19.27865601
19045,Stanley Reef,148.0796814,-19.29451752
19120,Outlier Reef,149.35287476,-19.54730606
19220,White Tip Reef,150.27107239,-19.91143227
19221,Bond Reef,150.313797,-19.92573357
19222,Abott Reef,150.33111572,-19.93745041
19226,Kerwin Reef,150.20741272,-19.95633316
18088,Centipede Reef,147.54231262,-18.72175407
18089,Anzac Reefs (No 2),147.88897705,-18.72080612
18090,Anzac Reefs (No 3),147.84161377,-18.73146439
18091,Lynchs Reef,147.70838928,-18.7698307
18092,Anzac Reefs (No 4),147.94596863,-18.75042152
18093,Anzac Reefs (No 5),147.93412781,-18.76456451
18094,Anzac Reefs (No 6),147.8735199,-18.77412605
19046,Hope Reef,148.43589783,-19.32163239
19047,Charity Reef,148.33796692,-19.36690331
19048,Old Reef,148.08943176,-19.38344193
19049,Lynx Reef,148.56391907,-19.03156471
19050,Leopard Reef,148.69210815,-19.0863533
19127,Block Reef,149.3734436,-19.69941521
19128,Line Reef,149.18353271,-19.68999863
21045,Hull Reef,149.88398743,-21.46553802
21046,Elamang Reef,149.66429138,-21.47134399
21047,Still Reef,149.92475891,-21.47615433
21048,Henderson Reef,149.91114807,-21.48144341
21049,Keelan Reef,149.9203949,-21.4895401
21050,Noel Reef,149.89349365,-21.49390602
21051,Penn Reef,149.92967224,-21.49528885
21052,Digby Reef,149.91355896,-21.49962997
20351A,Pompey Reef (No 1),150.53518677,-20.9407692
20351B,Pompey Reef (No 2),150.52845764,-20.98368073
20351C,Pompey Reef (No 3),150.52096558,-21.01173019
21053,Sandpiper Reef,150.08183289,-21.02591896
21054,Prince Reef,150.25622559,-21.06552696
21055,Alarm Reef,150.23887634,-21.11513329
21058,Vernon Rocks Reef,150.3092804,-21.46756744
20369A,Cockatoo Reef (No 1),151.01576233,-20.74736214
20369B,Cockatoo Reef (No 2),150.99488831,-20.70257759
20369C,Cockatoo Reef (No 3),151.04144287,-20.71847916
20369D,Cockatoo Reef (No 4),151.04820251,-20.72468758
20295,(Big) Stevens Reef,150.12597656,-20.57020569
20296,Liff Reef,150.24191284,-20.51556396
20297,Creal Reef,150.38142395,-20.53423691
20370A,Rip Reef,151.06796265,-20.80563736
20803,Martin Islet Reef,149.068573,-20.28569221
20298,Warland Reef,150.38172913,-20.60163498
20377,Olympic Reef,151.22941589,-20.84253693
20299C,Southampton Reef,150.45018005,-20.64879608
20299D,Briggs Reef (No 1),150.45161438,-20.68408012
20299E,Briggs Reef (No 2),150.45111084,-20.67592812
20299F,Briggs Reef (No 3),150.44659424,-20.68468094
20299G,Briggs Reef (No 4),150.44894409,-20.68940353
20301A,Cole Reefs (No2),150.23072815,-20.6812706
20301B,Cole Reefs (No3),150.28713989,-20.65514565
20302,Cole Reefs (No1),150.18609619,-20.70088959
21002,Oom Shoal,149.30378723,-21.05428314
21004,Slade (Oyster) Island Reef,149.24345398,-21.09716797
21005A,Downward Patches (No 1),149.29124451,-21.12581825
20304,McIntyre Reef,150.4682312,-20.71710205
20305,Goble Reefs (East),150.4846344,-20.78170204
20306,Goble Reefs (West),150.45376587,-20.80457306
20307,Chauvel Reefs (North),150.37608337,-20.81850624
20396,Newell Reef,152.27848816,-20.9671917
21005B,Downward Patches (No 2),149.29116821,-21.13578224
21005C,Downward Patches (No 3),149.28883362,-21.14499474
21005D,Downward Patches (No 4),149.29614258,-21.15441513
21005E,Downward Patches (No 5),149.3164978,-21.16030502
21005F,Downward Patches (No 6),149.28651428,-21.1625309
21005G,Downward Patches (No 7),149.31059265,-21.17144203
21006,Dangerous Reef,149.24497986,-21.13315773
21007,Flat Top Reef,149.23910522,-21.16073608
20308,Chauvel Reefs (South),150.37882996,-20.85866737
20309,Tern Reef,150.03265381,-20.90947533
20310,Bushy-Redbill Reef,150.08032227,-20.96219444
20401,Deliverance Bank,150.40492249,-20.01510048
20402,Sheriff Shoal,150.14631653,-20.24425697
21009,Round Top Reef,149.26547241,-21.17368317
21012,Dudgeon Ledge,149.26849365,-21.2673378
21013,Hay Reef,149.28677368,-21.27493477
21014,Highwater Reef,149.30187988,-21.29310036
21015,Victor Reef,149.32537842,-21.32810211
21016,Coral Point Reef,149.31916809,-21.37216187
20403,Pigeon Reef,148.69567871,-20.26680374
20407,Coppersmith Reef,149.11599731,-20.59808922
21019,Freshwater Point Reef,149.33747864,-21.42988205
21020,Cullen Reef,149.49171448,-21.42358971
21021,Irving Island Reef,149.45828247,-21.45476913
21022,Phillips Reef,149.49397278,-21.46794701
21023,Taffy Reef,149.39144897,-21.4749527
21024,Glendower Point Reef,149.39601135,-21.49760056
21025,Penrith Reef,149.89796448,-21.01667213
20409,Plum Pudding Reef,148.93943787,-20.33461189
21026,Bailey Reef,149.54754639,-21.03016663
21027,Snare Peak Reef,149.93554688,-21.1026268
21029,Overfall Reef,149.63008118,-21.26690483
20326,Molar Reef,150.80360413,-20.62533188
21031,Prudhoe Island Reef,149.68251038,-21.31558609
21032,Prudhoe Shoal,149.66500854,-21.32733536
21033,Reid Reef,149.65794373,-21.37103653
21034,Double Island Reef,149.82962036,-21.37520409
21035,Lloyd Shoal,149.80760193,-21.38792419
21036A,Viscount Shoals (No 1),149.56774902,-21.41855431
21036B,Viscount Shoals (No 2),149.60491943,-21.41143227
21036C,Viscount Shoals (No 3),149.57620239,-21.47437286
21037,Renou Reef,149.8213501,-21.43399429
21039,Knight Reef,149.713974,-21.44830132
21040,Minster Reef,149.84820557,-21.44401741
21041,Festing Shoal,149.70007324,-21.46792221
21043,Beaver Shoal,149.82505798,-21.46681976
21044,Beverlac Reef,149.87376404,-21.45638275
20234A,Thomas Reef (No 1),149.11012268,-20.54157066
20234B,Thomas Reef (No 2),149.10133362,-20.54496765
20234C,Thomas Reef (No 3),149.10534668,-20.55112648
20279B,St Bees Island Reef (No 2),149.43196106,-20.92989349
20279C,St Bees Island Reef (No 3),149.44828796,-20.93379593
20280,Aspatria Reef,149.46951294,-20.9298172
20282,Wheatley Shoal,149.38874817,-20.9301033
20283,Flimby Shoal,149.41879272,-20.93209839
20284,Hesket Reef,149.48129272,-20.93557549
20102I,Shaw Island Reef (No 5),149.06066895,-20.52033806
20102E,Shaw Island Reef (No 6),149.07052612,-20.50695229
20102F,Shaw Island Reef (No 7),149.08990479,-20.48650169
20234D,Thomas Reef (No 4),149.11091614,-20.55192184
20234E,Thomas Reef (No 5),149.12007141,-20.54652405
20234F,Thomas Reef (No 6),149.11975098,-20.54111671
20234G,Thomas Reef (No 7),149.12593079,-20.5483284
20285,Green Reef,149.15127563,-20.98583221
20286,Parker Reef,149.7512207,-20.54230118
20287,Credlin Reefs (East),149.95120239,-20.54021454
20288,Credlin Reefs (West),149.9281311,-20.55967712
20102G,Shaw Island Reef (No 8),149.0990448,-20.4836483
20102H,Shaw Island Reef (No 9),149.08647156,-20.45864296
20102K,Shaw Island Reef (No 10),149.08265686,-20.44202423
20102J,Shaw Island Reef (No 11),149.07589722,-20.45093918
20102L,Shaw Island Reef (No 12),149.08908081,-20.42716217
20187,Muirhead Reef,150.75241089,-20.37828827
20234H,Thomas Reef (No 8),149.10569763,-20.54129982
20235,Fairlight Reef,149.13313293,-20.54910469
20236,St Helen Reef,149.07771301,-20.55299568
20237A,Goldsmith Island Reef (No 1),149.15835571,-20.66488457
20237B,Goldsmith Island Reef (No 2),149.14413452,-20.683218
20289,Calder Reef,149.62031555,-20.7711544
20290A,Scawfell Reef (No 1),149.61407471,-20.85461807
20290B,Scawfell Reef (No 2),149.59085083,-20.86450386
20291,Three Rocks Reef,149.7386322,-20.95089912
20105,Square Reef,149.81196594,-20.06409836
20106A,Peta Patches (No 1),149.94677734,-20.03615379
20106B,Peta Patches (No 2),149.94091797,-20.03160095
20106C,Peta Patches (No 3),149.94961548,-20.04051971
20106D,Peta Patches (No 4),149.95387268,-20.03426361
20237C,Goldsmith Island Reef (No 3),149.14228821,-20.69530296
20237D,Goldsmith Island Reef (No 4),149.15925598,-20.68100166
20237E,Goldsmith Island Reef (No 5),149.13792419,-20.69109726
20237F,Goldsmith Island Reef (No 6),149.15113831,-20.6700058
20292,Derwent Reef,149.78213501,-20.98659897
20293,Skull Rock Reef,149.79806519,-20.98820686
20294,(Little) Stevens Reef,150.05186462,-20.56435394
20111,Edgell Reefs (No 2),149.99215698,-20.05456161
20112,Edgell Reefs (No 5),149.93690491,-20.13447762
20113,Ben Reef,150.32034302,-20.0068779
20238,Silversmith Reef,149.11140442,-20.5873909
20239,Pincer Reef,149.09741211,-20.6816349
20082,Teague Reef,149.06893921,-20.30351448
20083,Surprise Rock Reef,149.02635193,-20.35513687
20115,Little Bugatti (Wheatley) Reef,150.24302673,-20.02637672
20116,Edgell Reefs (No 1),150.01428223,-20.02371788
20117,Edgell Reefs (No 3),150.02389526,-20.06770706
20120,Wup Reef,150.1955719,-20.102314
20203,Defiance (Dalys) Island Reef,148.81898499,-20.50341606
20204A,Defiance Reefs (North),148.80897522,-20.5093708
20241,Anchorsmith Reef,149.06381226,-20.61575127
20242,Blackcombe Reef,149.18630981,-20.60095024
20243,Anvil Reef,149.07249451,-20.62575722
20244,Carondelet Reef,149.18162537,-20.61571884
20085,Pentecost Reef,149.02851868,-20.39909172
20127,Bugatti Reef,150.31651306,-20.10089111
201271,Callum Shoal,149.48223877,-20.14398956
20204B,Defiance Reefs (South),148.8079834,-20.51429367
20206,Ripple Rocks Reef,148.9360199,-20.52799606
20245,Blacksmith Reef,149.07106018,-20.64455032
20246,Hammer Reef,149.0617981,-20.64608002
20086,Cole Island Reef,149.00692749,-20.42291832
20128,Edgell Reefs (No 4),150.00967407,-20.12045288
20129,Henderson Reefs,150.07229614,-20.18974113
20207,Cape Rock Reef,148.92578125,-20.54163551
20208,North Repulse Reef,148.86227417,-20.58167458
20247,Ladysmith Reef,149.08822632,-20.66256714
20248,Locksmith Reef,149.15402222,-20.65238762
20249,Geranium Shoal,149.22662354,-20.64629173
20250,Bellows Reef,149.07073975,-20.66367722
20251,Forge Reef,149.09495544,-20.67349815
20252,Farrier Reef,149.14103699,-20.67612839
20087,Anne Island Reef,149.0161438,-20.42101097
20088,Jester Reef,149.07202148,-20.14357948
20209,East Repulse Reef,148.8772583,-20.59887123
20210,South Repulse Reef,148.86727905,-20.6115799
20213,Gould Island Reef,148.76011658,-20.67201614
20253A,Linne Island Reef (No 1),149.18939209,-20.6765728
20253B,Linne Island Reef (No 2),149.18531799,-20.68871498
20253C,Linne Island Reef (No 3),149.18222046,-20.68222618
20253D,Linne Island Reef (No 4),149.17678833,-20.67643547
20089,Deloraine Reef,149.07093811,-20.1554451
20134,Hunt Reef,150.10327148,-20.29578018
20135,Robertson Reefs (No 1),150.1325531,-20.3427887
20136,Robertson Reefs (No 2),150.06768799,-20.34972763
20214,Midge Reef,148.75862122,-20.68675995
20219A,Cave Reef,148.854599,-20.78241348
20254,Tinsmith Reef,149.20103455,-20.6994648
20255,Solder Reef,149.20654297,-20.69828606
20090A,Lindeman Island Reef (No 1),149.03153992,-20.43171692
20090B,Lindeman Island Reef (No 2),149.02880859,-20.4457798
20090C,Lindeman Island Reef (No 3),149.05099487,-20.45573807
20090D,Lindeman Island Reef (No 4),149.0423584,-20.43645477
20137,Robertson Reefs (No 3),150.09606934,-20.34886932
20138,Bax Reef,150.19795227,-20.34207344
20139,Robertson Reefs (No 4),150.07333374,-20.36850166
20140,Nixon Reef,150.12530518,-20.40136719
20219B,Pigeon Reef,148.84622192,-20.7902813
20220,High Islands Reef (North),148.8795929,-20.79493523
20257B,Ingot Island Reef,149.13955688,-20.71051025
20258,Specie Shoal,149.15490723,-20.72322655
20259,Io Reef,149.12745667,-20.6935215
20260,Bullion Rocks Reef,149.14888,-20.73909187
20261,Coffin Reef,149.23240662,-20.73248672
20090E,Lindeman Island Reef (No 5),149.05807495,-20.44671249
20091,Baynham Reef,149.10198975,-20.43533134
20092,Sidney Reef,149.01005554,-20.44887733
20144,Cannan Reef,150.15145874,-20.48106194
20145,Packer Reefs,150.20411682,-20.47503471
20146,Boulton Reef,150.2905426,-20.46800613
20221,High Islands Reef (South),148.87231445,-20.80475426
20222,Carpet Snake Reef,148.84204102,-20.82444191
20223,Low Rock Reef,148.88117981,-20.82216644
20224,Croaker Reef,148.9004364,-20.82066154
20262A,Wigton Island Reef (No 1),149.46981812,-20.74207306
20262B,Wigton Island Reef (No 2),149.48461914,-20.74032211
20263,Silloth Reef,149.43582153,-20.76638222
20264,Allonby Reef,149.16169739,-20.7523632
20093,Comston Reef,149.10635376,-20.46368217
20225,Rabbit Reef,148.8966217,-20.82802773
20226,Fish Reef,148.92710876,-20.84161949
20266,Maryport Reef,149.27145386,-20.75952339
20267,Edgell Rock Reef,149.27059937,-20.76460838
20268,Baxendell Shoal,149.25952148,-20.77329445
20269,Cockermouth Reef,149.39753723,-20.77874756
20095,Seaforth Reef,149.03579712,-20.46988106
20096,Mansell Reef,149.12617493,-20.47132492
20227,Mausoleum Reef,148.93980408,-20.86069298
20228,Newry Reef,148.91867065,-20.84611511
20270A,Carlisle Reef,149.28140259,-20.8011837
20098,Brush Island Reef,149.05448914,-20.48566628
20099,Little Lindeman Reef,149.03184509,-20.4222908
20229,Red Cliff Islands Reef,148.9598999,-20.87089729
20270B,Brampton Reef,149.26695251,-20.81618309
20272,Bolton Shoal,149.28140259,-20.84342575
20273,Fantome Rocks,149.24380493,-20.86051369
20275,Wedge Island Reef,149.05889893,-20.91724777
20276,Hyde Rock Reef,149.35505676,-20.91358185
20100,Triangle Island Reef,149.11103821,-20.49005127
20101,Yellow Rock Reef,149.05995178,-20.47400475
20102A,Shaw Island Reef (No 1),149.08085632,-20.43684769
20231,Volskow Reef,149.08943176,-20.50634384
20232,Keyser Reef,149.0846405,-20.52236366
20277A,Keswick Island Reef (No 1),149.39135742,-20.91011047
20277B,Keswick Island Reef (No 2),149.40087891,-20.91851234
20277C,Keswick Island Reef (No 3),149.41296387,-20.92150688
20279A,St Bees Island Reef (No 1),149.43656921,-20.90406036
20102B,Shaw Island Reef (No 2),149.07991028,-20.45842361
20102C,Shaw Island Reef (No 3),149.07347107,-20.47439384
20102D,Shaw Island Reef (No 4),149.05836487,-20.49876213
20233,Long Rock Reef,149.08735657,-20.53328514
22015,McEwen Reef,149.59559631,-22.14301682
22016,Pilot Reef,149.60649109,-22.1531086
22017,Boyle Reef,149.84295654,-22.13786507
22018,Tide Reef,149.94042969,-22.13488007
22019,Long Island Reef,149.8684845,-22.21303177
21552,Obstruction Reef,152.46665955,-21.96283913
21556,Gannett Cay Reef,152.47738647,-21.98163605
21490,Turrum Reef,152.36972046,-21.60575485
22020,West Side Reef,149.85031128,-22.14871597
22021A,Double Rocks Reef (North),150.00804138,-22.08267212
22021B,Double Rocks Reef (South),150.00413513,-22.08652687
21495,Bacchi Reef,152.38877869,-21.63401604
21562,Turner Reef,152.5587616,-21.71955299
21564,Half Tide Reef,152.50888062,-21.77416229
21565,Bills Reef,152.59301758,-21.78662682
22024,Coal Reef,149.8646698,-22.14408112
22026,One Fathom Patch,149.75007629,-22.26446915
22027,Turtle Island Reef,149.77586365,-22.35923195
22029,Woods Reef,149.90400696,-22.47035599
22030,Shields Reef,150.37695313,-22.00405312
21497,Thomas Reef,152.34248352,-21.66396904
21566,Blu-Lion Reef,152.62745667,-21.82133293
21570,Triangle Reef,152.63557434,-21.84602356
21572,Small Lagoon Reef,152.50921631,-21.87475014
21421,Morkar Reef,150.15582275,-21.96935844
21501,Recreation Reef,152.44134521,-21.6783886
21575,Heart Reef,152.65705872,-21.89438248
21577,Central Reef,152.5219574,-21.92190361
21579,Hill Reef,152.67234802,-21.91166115
21423A,Marble Reef,150.16445923,-21.99125481
21423B,Marble Reef,150.19181824,-21.98012352
21424,Allandale Reef,150.38197327,-21.97130585
21425A,Tynemouth Island Reef (No 1),150.12490845,-22.00054932
21425B,Tynemouth Island Reef (No 2),150.13308716,-21.98811913
21505,Isobel Bennett Reef,152.34872437,-21.70672607
21582,Beacon Reef,152.68792725,-21.93577385
21584,Jenkins Reef,152.59945679,-21.95517349
21428,High Peak Reef,150.68768311,-21.95726395
21430,Morpeth Reef,150.58657837,-21.98252487
21511,Frigate Reef,152.42849731,-21.73435974
21586,Follett Reef,152.70141602,-21.96721268
21588,Wade Reef,152.64883423,-21.98545456
21589,Littles Reef,152.54344177,-21.97782898
21592,Adroit Shoal,151.04034424,-21.58355141
21431,Berwick Reef,150.66928101,-21.99077225
21432,Heralds Reef Prong,151.39674377,-21.51145363
21434,Heralds Prong No 3,151.3825531,-21.60731888
21514,Detour Reef,152.414505,-21.76066017
21593,Owens Shoal,150.21354675,-21.61403465
21435,Bell Reef,151.26031494,-21.81486893
21517,Small Reef,152.42431641,-21.77576065
21518,Price Cay Reef,152.45567322,-21.7843132
21519,Turtle Reef,152.38275146,-21.7998085
21524,Houdini Reef,152.42793274,-21.82340813
21459,Heralds Prong No 2,151.54631042,-21.70549583
21536,Mervs Reef,152.36442566,-21.89227295
21538,Emperor Reef,152.44381714,-21.8837204
21543,Long Reef,152.39266968,-21.92293739
21545,Moon Reef,152.4342041,-21.92556763
22003A,Wild Duck Island Reef (No 1),149.88702393,-21.99606133
22003B,Wild Duck Island Reef (No 2),149.86808777,-22.00758362
22005,Infelix Islets Reef,149.83076477,-22.0241642
21548,Poulson Reef,152.45889282,-21.93623352
21549,Pike Reef,152.42330933,-21.94807434
22007,North Point Cays Reef,149.81164551,-22.04288864
22008,Brooks Shoal,149.93243408,-22.02566528
22009,Barren Island Reef,149.97019958,-22.03235817
22010,Roundish Reef,149.61427307,-22.05583191
22012,South Barren Reef,149.98780823,-22.05339432
22013,Obstruction Shoals,149.93154907,-22.06221771
21396,Whites Bay Reef,150.29501343,-21.67314339
21398,West Spur Reef,150.27511597,-21.68361664
21399,East Spur Reef,150.28730774,-21.68441772
21401,Howard Islet Reef,150.31643677,-21.73255157
21402,Hixson Islet Reef,150.28936768,-21.74769211
21403A,South Island Reef (No 1),150.31620789,-21.73898125
21403B,South Island Reef (No 2),150.34436035,-21.73621368
21406,South East Islets Reef,150.42985535,-21.7577095
21128,Storm Reef,151.16723633,-21.32230186
21214,Zodiac Reef,152.04922485,-21.12125206
21305,East Cay Reef,152.56459045,-21.48348045
21414A,Bamborough Island Reef (No 1),150.10479736,-21.92339325
21414B,Bamborough Island Reef (No 2),150.11930847,-21.92155647
21415,Jeffreys Rocks Reef,150.22834778,-21.91445732
21131,Nancy Foster Reef,151.36734009,-21.36973381
21308,Temple Island Reef,149.48971558,-21.60212898
21316,West Hill Reef,149.48408508,-21.83606529
21417,Coquet Reef,150.09715271,-21.93717957
21418A,Hunter Island Reef (No 1),150.13188171,-21.95026779
21418B,Hunter Island Reef (No 2),150.14614868,-21.98266792
21235,Lavers Reef,152.01158142,-21.2201004
21317,Ferdinand Shoal,149.76760864,-21.50951195
21318,Waratah Island Reef,149.72076416,-21.51057243
21319,Waratah Shoal,149.71664429,-21.5170536
21320,Tupper Shoal,149.80168152,-21.52380371
21322,Yaralla Shoal,149.64598083,-21.58921051
21324A,Harry Shoal (North),149.82466125,-21.57322884
21324B,Harry Shoal (South),149.8177948,-21.58224297
21059,Hotspur Islets Reef,150.26831055,-21.48330307
21325,Hirst Reef,149.81271362,-21.57463837
21326,Kilgour Shoal,149.87457275,-21.59135246
21327,Wallace Reef,149.77217102,-21.60095787
21328,Tinonee Bank,149.80619812,-21.57907104
21329,Planter Shoal,149.83822632,-21.58836555
21331,Bluff Island Reef,149.86695862,-21.60451508
21241,Centenery Reef,152.33070374,-21.28257179
21333,Treble Reef,149.82698059,-21.60354614
21334,Curlew Reef,149.78314209,-21.60557938
21337,Pearl Shoal,149.75738525,-21.61088753
21338,Slattery Shoal,149.78649902,-21.62372971
21148,Patricia Mather Reef,151.68789673,-21.08218956
21339,Dinner Reef,149.81027222,-21.6282959
21340,Temple Shoal,149.50505066,-21.60247612
21341,Edwards Shoal,149.66375732,-21.65200806
21342,Blackbird Shoal,149.82588196,-21.65610695
21345,Ridge Reef,149.63824463,-21.67481613
21346,Paxton Shoal,149.67341614,-21.69802475
21347,Torch Shoal,149.54095459,-21.68803024
21348,Connor Islet Reef,149.66941833,-21.71940422
21349A,Smythe Shoals,149.8805542,-21.71228218
21349B,Emily Patches,149.83363342,-21.75271606
21350,Shag Reef,149.59126282,-21.74284935
21351,Stony Shoal,149.56417847,-21.75425339
21352,Williams Shoal,149.63389587,-21.73739815
21355,Lower Reef,149.70275879,-21.79821014
21356,Innes Reef,149.78819275,-21.8157444
21358A,Sandy Shoal (North),149.55975342,-21.82880592
21358B,Sandy Shoal (South),149.54400635,-21.84738541
21359,George Reef,149.82377625,-21.83037949
21360,Poynter Reef,149.79214478,-21.83708763
21086,Paul Reef,150.7849884,-21.33171272
21166,Twin Cays Reef (North),151.98399353,-21.21507835
21168,Twin Cays Reef (South),151.98223877,-21.22678185
21258,Mystery Reef,152.01708984,-21.37743568
21361,North Patch,149.63719177,-21.8423214
21362,Alexandra Reefs,149.62112427,-21.85416031
21363,South Patch,149.61317444,-21.86392403
21364,Lake Shoals,149.87661743,-21.89964867
21365A,Drumfish Shoal (East),149.64256287,-21.91065788
21365B,Drumfish Shoal (West),149.63064575,-21.91459274
21366,Fanning Shoal,149.51062012,-21.92835236
21172,Riptide Reef,151.8458252,-21.24135208
21173,Mullers Reef,151.55389404,-21.2991333
21367,Red Clay Reef,149.64859009,-21.93179321
21368,Boomerang Shoals,149.9609375,-21.91851616
21369,Middle Shoal,149.73028564,-21.94313431
21370,Beware Reef,149.66061401,-21.95002556
21372,Bald Reef,149.57846069,-21.95653534
21373,Reef Islet Reef,149.59939575,-21.95823097
21374,West Reef,149.67950439,-21.95907402
21375,Holt Shoal,149.81948853,-21.96968269
21377,Channel Island Reef,149.89337158,-21.97016716
21378,Aquila Reef,149.5740509,-21.98191833
21379,Avoid Reef,149.66387939,-21.9777813
21274,Perkins Reef,152.62423706,-21.03944397
21380,Park Shoal,149.87963867,-21.98472214
21381,Falcon Island Reef,149.87854004,-21.98041344
21382,Turn Island Reef,149.8117981,-21.98962402
21383,Race Rocks Reef,149.84802246,-21.98963737
21280,Elusive Reef,152.77561951,-21.10882568
21386,Pine Peak Reef,150.25845337,-21.51895905
21387,Sphinx Reef,150.15148926,-21.52507019
21389,Middle Island Reef,150.24728394,-21.61848259
21391,Pine Islets Reef,150.22001648,-21.65265083
21391D,Pine Islets (No 4),150.22433472,-21.65774345
21392,Walter Reef,150.34048462,-21.65066719
21394,North East Reef,150.33010864,-21.66446686
99475,Bayag Reef,143.25144958,-10.56016731
99300,Alpha Reef,142.51924133,-10.61234856
99302,Kagar Reef,142.91264343,-10.59951687
99303A,Mount Adolphus (Mori) Island Reef (No 1),142.64582825,-10.6229496
99303B,Mount Adolphus (Mori) Island Reef (No 2),142.65339661,-10.6502285
99303C,Mount Adolphus (Mori) Island Reef (No 3),142.64463806,-10.63807487
99506,Asp Shoals,142.37261963,-10.62128639
99304,Morilug Reef,142.68212891,-10.64336491
99305,Kai-Damun Reef,142.84977722,-10.65218353
99311,Akone Reef,142.66995239,-10.66781425
99406,Gubmarau Reef,143.31996155,-10.38750362
99415,Susur Reef,143.24757385,-10.4130106
99425,Beresford Shoals,142.34686279,-10.4510088
20006,Passage Islet Reef,148.44236755,-20.06514931
11222A,Middle Banks,143.50505066,-11.76433372
99436,Au-Masig Reef,143.29127502,-10.47605515
99439,Alert Patches,142.35360718,-10.4849968
99453,Reeves Shoal,142.44544983,-10.52763081
99455A,Bungaree Shoals (No 1),142.61761475,-10.51681709
99455B,Bungaree Shoals (No 2),142.60820007,-10.53341198
99455C,Bungaree Shoals (No 3),142.59187317,-10.5338068
99461,Wap Reef,143.35455322,-10.53966808
23050,Wilson Island Reef,151.89030457,-23.29052353
23051,Wreck Island Reef,151.96539307,-23.33036804
24006,Red Rocks Reef,151.95077515,-24.26165771
22082,Delcomyn Reef,150.76344299,-22.44829369
22083,Entrance Island Reef,150.77381897,-22.47928238
22086,Wilson Reef,152.44837952,-22.01743889
22167,Earl Banks,150.40493774,-22.32661629
23052A,Heron Reef,151.97113037,-23.44615173
23053,Wistari Reef,151.87670898,-23.46987534
24008,Lady Elliot Island Reef,152.71542358,-24.11328316
24009A,Herald Patches (No 1),152.66725159,-24.20955276
24009B,Herald Patches (No 2),152.74205017,-24.20573807
24009C,Herald Patches (No 3),152.75134277,-24.21541977
24011,Porpoise Shoal,153.14909363,-24.64278793
24012,Long Shoal,153.12510681,-24.52519226
23054,Sykes Reef,152.03375244,-23.43322182
23055A,One Tree Island Reef,152.06114197,-23.4956665
23056,Rundle Reef,151.27566528,-23.53397751
22090,Chesterman Reef,152.42874146,-22.04010582
22093,Abrahams Reef,152.48748779,-22.10082817
22094,Herald No 1,152.25547791,-22.09478951
23057,Bass Shoals,151.27149963,-23.55726433
23058,Keppel Rocks Reef,151.04977417,-23.43000603
23059A,Curtis Island Reef (No 1),151.02030945,-23.45039749
23059B,Curtis Island Reef (No 2),151.06239319,-23.44907761
23059C,Curtis Island Reef (No 3),151.28105164,-23.67568588
23059D,Curtis Island Reef (No 4),151.30781555,-23.748106
23060,Rat Reef,151.31787109,-23.76475906
23061A,North Point Reef (Facing Island Reef),151.33428955,-23.75416183
23061B,Facing Island Reef (No 2),151.32672119,-23.76521111
23061C,Pearl Ledge (Facing Island Reef No 3),151.36373901,-23.8014431
23061D,Facing Island Reef (No 4),151.38169861,-23.83031845
22031,Alnwick Reef,150.38522339,-22.01322174
22032,Hexham Reef,150.36723328,-22.01821327
22033,Danger Reef,150.1618042,-22.00987434
22099,Hackie Reef,152.41433716,-22.26186752
23061E,East Point Ledge (Facing Island Reef),151.39326477,-23.85713768
23061F,Facing Island Reef (No 6),151.378479,-23.87968254
23062,Manning Reef,151.35610962,-23.85565186
23064,Sable Chief Rocks Reef,151.38822937,-23.81376076
23065A,East Banks (East),151.39343262,-23.90062332
23065B,East Banks (West),151.41526794,-23.89655304
23066,Curtis Rock Reef,151.48129272,-23.93275642
23067A,Seal Rocks Reef (No 1),151.4941864,-23.95011902
23067B,Seal Rocks Reef (No 2),151.48506165,-23.96214294
23067C,Seal Rocks Reef (No 3),151.48217773,-23.97415543
22034,Otterbourne Reef,150.28771973,-22.02418709
22035,Two Round Rocks Reef,150.09788513,-22.03081703
22036,Steep Reef,150.4506073,-22.03599739
22037,Low Island Reef,150.09828186,-22.04639244
22038,Clara Island Reef,150.22903442,-22.30719376
22102,Chinaman Reef,152.65826416,-22.0051918
22103,Half Moon Reef,152.72612,-22.01127243
22104A,Horseshoe Reef (No 1),152.58039856,-22.04248619
22104B,Horseshoe Reef (No 2),152.56454468,-22.0443325
22104C,Horseshoe Reef (No 3),152.57243347,-22.05807686
23001,Conical Rocks Reef,150.8769989,-23.03621864
23002,Corroboree (Te-ri-mul) Reef,150.87962341,-23.04696274
23068,Erskine Reef,151.77363586,-23.50185394
23069,Mast Head Reef,151.72671509,-23.52691841
23070,Irving Reef,151.62731934,-23.53884888
22040,Donovan Shoal,150.27516174,-22.15557671
22041,North Rock Reef,150.35597229,-22.17988205
22042,Mumford Reef,150.36090088,-22.19195747
22043,White Rocks Reef,150.25120544,-22.20283699
22044,Ten Pin Reef,150.35214233,-22.20464134
22045,Holt Island Reef,150.37442017,-22.20710564
22108,Ron Isbel Reef,152.63096619,-22.06573105
22109,Sanctuary Reef,152.67567444,-22.06676674
23004A,North Keppel (Ko-no-mie) Island Reef (No 1),150.90046692,-23.06347847
23004B,North Keppel (Ko-no-mie) Island Reef (No 2),150.89289856,-23.08244133
23005,Pumpkin Reef,150.89866638,-23.09467316
23006,Square Rocks Reef,150.88470459,-23.09677124
23007,Sloping Reef,150.89718628,-23.09815407
23071,Polmaise Reef,151.67791748,-23.55586243
23072,Rock Cod Shoal,151.61776733,-23.67429924
22047A,Ripple Island Reef (No 1),150.4389801,-22.20445824
22047B,Ripple Island Reef (No 2),150.42280579,-22.21774101
22047C,Ripple Island Reef (No 3),150.43809509,-22.2144146
22048,Harrison Reef,150.41181946,-22.21735001
22116,Hook Reef,152.74171448,-22.09586525
23008,Man And Wife (Ban-ka-boo-la-re) Rocks Reef,150.9916687,-23.11747551
23009,Miall (Ma-ma-lon-bi) Reef,150.90542603,-23.14964104
23010,Middle (Ba-la-ba) Island Reef,150.91575623,-23.16776657
23011,Bluff Rock Reef,150.80419922,-23.17276382
23012A,Great Keppel (Wop-pa) Island Reef (No 1),150.95765686,-23.15748978
23076,Lamont Reef,152.0274353,-23.59870148
23077,Fitzroy Reef,152.14743042,-23.63306427
22049,Lingham Reef,150.27001953,-22.22875595
22050,Turn Shoal,150.23266602,-22.20960617
22052,Collins Reef,150.30755615,-22.23665047
22121,Sinker Reef,152.74615479,-22.11695099
22122,Junior Reef,152.53179932,-22.1481514
22124,Taiwan Reef,152.76055908,-22.15019226
23012B,Great Keppel (Wop-pa) Island Reef (No 2),150.97557068,-23.1511116
23012C,Great Keppel (Wop-pa) Island Reef (No 3),150.98612976,-23.17248726
23012D,Great Keppel (Wop-pa) Island Reef (No 4),150.96603394,-23.18922997
23012E,Great Keppel (Wop-pa) Island Reef (No 5),150.93466187,-23.18856049
23078,Llewellyn Reef,152.18093872,-23.69460678
23079,Boult Reef,152.27194214,-23.75748634
23080,Hoskyn Islands Reef,152.28726196,-23.8077755
22053A,Leicester Island Reef (No 1),150.43449402,-22.24900055
22053B,Leicester Island Reef (No 2),150.41915894,-22.29171562
22054,Cape Island Reef,150.47409058,-22.20664406
22055,White Shoal,150.28445435,-22.19483948
22130,Gater Reef,152.69818115,-22.17048645
22131,Sunray Reef,152.76132202,-22.18341255
23014,Halfway Island Reef,150.96990967,-23.20013618
23016,Humpy (Bur-ye-Bur-ye) Reef,150.96768188,-23.21115875
23017,Pelican Island Reef,150.87335205,-23.24311829
23081,Fairfax Islands Reef,152.36096191,-23.86657143
22056,Osborn Reef,150.2288208,-22.28556442
22057,Blind Reef,150.29214478,-22.28166962
22058,Master Rocks Reef,150.28393555,-22.33703995
22060,Edward Island Reef,150.30178833,-22.30827332
22061,Sun Reef,150.23995972,-22.30942726
22133,Sandshoe Reef,152.75704956,-22.20902634
23019,Wedge Island Reef,150.88639832,-23.27748299
23020,Mother Macgregor Reef,150.8263092,-23.2846508
23022,Round Rock Reef,150.83045959,-23.30085564
23023,Divided Reef,150.92222595,-23.30302429
23024,Flat Rock Reef,150.84863281,-23.3140049
23025,Split Rock Reef,150.92990112,-23.33209991
23082A,Lady Musgrave Reef,152.38720703,-23.90178299
23084,Farmers Reef,151.31813049,-23.77182007
23085,Turtle Island Reef,151.26489258,-23.79853249
22062,Swan Reef,150.20462036,-22.32010651
22063,Marquis Reef,150.45228577,-22.30839729
22064,Bay Island Reef,150.31370544,-22.32761955
22065,Round Rock Ledges,150.45906067,-22.35005379
22140,Sweetlip Reef,152.73731995,-22.27070427
22141,Dicks Reef,152.66279602,-22.30785561
23026,Peak Reef,150.93766785,-23.3489666
23027,Arch Reef,150.94316101,-23.3606739
23028,Girt Reef,150.81385803,-23.35746956
23029,Quartz Reef,150.85803223,-23.42201424
23030,The Child Reef,151.08505249,-23.15463829
23086,Bushy Island Reef,151.33810425,-23.83421516
23090,Stuart Shoal,152.46458435,-23.87102699
22066,Connor Rock Reef,150.32759094,-22.35583687
22067,Akens Reef,150.26795959,-22.35756111
22069,Tweed Reef,150.64506531,-22.00650597
22145,Hixson Cay Reef,152.73062134,-22.34350204
22146A,Twins Reef (West),152.54454041,-22.3670311
22146B,Twins Reef (East),152.56051636,-22.37986755
23031A,Barren (A-rum-mi) (First Lump) Reef (No 1),151.07069397,-23.16266632
23031B,Barren (A-rum-mi) (First Lump) Reef (No 2),151.07897949,-23.16329956
23033,Egg Reef,151.10040283,-23.19775391
23034,Lisa Jane Shoals,151.08569336,-23.29105759
23035,Jabiru Shoals,151.06906128,-23.34667397
23036,Hummocky Reef,151.15414429,-23.4000721
22070,Rothbury Reef,150.64956665,-22.02905846
22071,Cheviot Reef,150.67242432,-22.08842659
22073,Raynham Reef,150.540802,-22.2659111
22074,Pelican Rock Reef,150.25891113,-22.34176254
22147B,South Hixson Reef,152.71989441,-22.35609627
22148A,Howard Patch (No 1),152.59686279,-22.3952713
22148B,Howard Patch (No 2),152.65293884,-22.3807354
22148C,Howard Patch (No 3),152.61279297,-22.37690735
23037,Ship Rock Reef,151.18359375,-23.40786171
23038,Fairway Rock Reef,151.16886902,-23.41720963
23039,Timandra Bank,151.02453613,-23.4292984
23041,Innamincka Shoal,151.83343506,-23.00548744
23042A,Haberfield Shoal,151.7779541,-23.03224754
22075,Clara Group Reef,150.71580505,-22.33778381
22076,Brown Reef,150.68203735,-22.35803413
22077,Triangular Reef,150.50758362,-22.38270569
22149,Quoin Reef,150.79794312,-22.56382942
22152,Perforated (Peak) Reef,150.95962524,-22.65620041
22153,Flat Island Reef,150.99430847,-22.73053741
22154,Five Rocks Reef,150.81163025,-22.79780006
23042B,Guthrie Shoal,151.84333801,-23.04942131
23043,Johnson Patch,151.59663391,-23.07773399
23044,Douglas Shoal,151.66712952,-23.09139442
23045A,North Reef (North),151.90402222,-23.18507195
22078,Island Head Reef,150.65988159,-22.33389854
22079,Split Island Reef,150.74176025,-22.40484238
22080,Dome Reef,150.74647522,-22.41151047
22156,Karamea Bank,151.5401001,-22.64430237
22157,Barcoo Bank,151.6587677,-22.85585213
22158,Moresby Bank,151.77133179,-22.84694099
22159,Edgell Bank,151.77529907,-22.88311386
22160,Goodwin Shoal,151.72375488,-22.91066933
22161,Archer Shoal,152.67381287,-22.61344719
22163,Round Island Reef,150.77062988,-22.51808167
23045B,North Reef (South),151.88774109,-23.20534706
23046,Tryon Reef,151.78274536,-23.24594116
23047,Brew Shoal,151.76174927,-23.25719452
23048,Broomfield Reef,151.94029236,-23.26951599
23049,North West Island Reef,151.77075195,-23.29514885
11244E,Great Detached Reef (No 5),143.97679138,-11.73175335
